run_id,scenario_id,destination,modulation,launch_power_dbm,active_channels,channel_pattern,strict_guard_channels,archived_gsnr_db,archived_osnr_db,historical_return_code,historical_runtime_seconds,historical_parsed_active_channels,historical_gsnr_db,historical_osnr_db,historical_abs_gsnr_difference_db,historical_abs_osnr_difference_db,historical_edfa_below_min_gain,historical_roadm_target_power_unmet,strict_return_code,strict_runtime_seconds,strict_parsed_active_channels,strict_gsnr_db,strict_osnr_db,strict_abs_gsnr_difference_db,strict_abs_osnr_difference_db,strict_edfa_below_min_gain,strict_roadm_target_power_unmet
bradley_stoke__QPSK__pm5p5__load1,iter-2-scenario-385,bradley stoke,QPSK,-5.5,1,10000000,1,26.36,31.47,0,0.7698718999745324,1,26.36,31.47,0.0,0.0,8,1,0,1.948124699993059,1,26.35,31.47,0.00999999999999801,0.0,8,1
bradley_stoke__QPSK__pm5p5__load2,iter-2-scenario-577,bradley stoke,QPSK,-5.5,2,11000000,0,24.87,31.47,0,0.738948000012897,2,24.87,31.47,0.0,0.0,8,1,0,1.9563084000255913,2,24.855,31.47,0.015000000000000568,0.0,8,1
bradley_stoke__QPSK__pm5p5__load4,iter-2-scenario-721,bradley stoke,QPSK,-5.5,4,11110000,0,23.625,31.47,0,0.7407989999628626,4,23.625,31.47,0.0,0.0,8,1,0,1.9015491000027396,4,23.6125,31.47,0.01249999999999929,0.0,8,1
bradley_stoke__QPSK__pm5p5__load8,iter-2-scenario-766,bradley stoke,QPSK,-5.5,8,11111111,0,22.591,31.47,0,0.7500644000247121,8,22.59125,31.47,0.000249999999997641,0.0,8,1,0,1.8887614000122994,8,22.56875,31.47,0.02224999999999966,0.0,8,1
bradley_stoke__QPSK__pm5p0__load1,iter-2-scenario-386,bradley stoke,QPSK,-5.0,1,10000000,1,25.7,31.7,0,0.7129549999954179,1,25.7,31.7,0.0,0.0,8,1,0,1.854241999972146,1,25.69,31.7,0.00999999999999801,0.0,8,1
bradley_stoke__QPSK__pm5p0__load2,iter-2-scenario-578,bradley stoke,QPSK,-5.0,2,11000000,0,24.11,31.7,0,0.7294885000446811,2,24.11,31.7,0.0,0.0,8,1,0,1.8349421000457369,2,24.09,31.7,0.019999999999999574,0.0,8,1
bradley_stoke__QPSK__pm5p0__load4,iter-2-scenario-722,bradley stoke,QPSK,-5.0,4,11110000,0,22.807,31.7,0,0.7475435999804176,4,22.807499999999997,31.7,0.0004999999999988347,0.0,8,1,0,1.9208125000004657,4,22.7875,31.7,0.019499999999997186,0.0,8,1
bradley_stoke__QPSK__pm5p0__load8,iter-2-scenario-767,bradley stoke,QPSK,-5.0,8,11111111,0,21.733,31.696,0,0.7904000999988057,8,21.7325,31.69625,0.0004999999999988347,0.000249999999997641,8,1,0,2.0125903000007384,8,21.705,31.69625,0.028000000000002245,0.000249999999997641,8,1
bradley_stoke__QPSK__pm4p5__load1,iter-2-scenario-387,bradley stoke,QPSK,-4.5,1,10000000,1,24.98,31.91,0,0.8352889999514446,1,24.98,31.91,0.0,0.0,8,0,0,1.9254692000104114,1,24.97,31.91,0.010000000000001563,0.0,8,0
bradley_stoke__QPSK__pm4p5__load2,iter-2-scenario-579,bradley stoke,QPSK,-4.5,2,11000000,0,23.295,31.91,0,0.7416696000145748,2,23.295,31.91,0.0,0.0,8,0,0,1.9301016999525018,2,23.28,31.91,0.015000000000000568,0.0,8,0
bradley_stoke__QPSK__pm4p5__load4,iter-2-scenario-723,bradley stoke,QPSK,-4.5,4,11110000,0,21.948,31.907,0,0.7265536999912001,4,21.9475,31.9075,0.0004999999999988347,0.0004999999999988347,8,0,0,1.8495372000033967,4,21.9175,31.9075,0.03049999999999997,0.0004999999999988347,8,0
bradley_stoke__QPSK__pm4p5__load8,iter-2-scenario-768,bradley stoke,QPSK,-4.5,8,11111111,0,20.839,31.904,0,0.7288029999472201,8,20.83875,31.90375,0.000249999999997641,0.0002500000000011937,8,0,0,1.905128300015349,8,20.805,31.90375,0.03399999999999892,0.0002500000000011937,8,0
bradley_stoke__16QAM__pm5p5__load1,iter-2-scenario-1153,bradley stoke,16QAM,-5.5,1,10000000,1,26.36,31.47,0,0.7906201999867335,1,26.36,31.47,0.0,0.0,8,1,0,2.0510095999925397,1,26.35,31.47,0.00999999999999801,0.0,8,1
bradley_stoke__16QAM__pm5p5__load2,iter-2-scenario-1345,bradley stoke,16QAM,-5.5,2,11000000,0,25.21,31.47,0,0.7765674000256695,2,25.21,31.47,0.0,0.0,8,1,0,1.8766258000396192,2,25.2,31.47,0.010000000000001563,0.0,8,1
bradley_stoke__16QAM__pm5p5__load4,iter-2-scenario-1489,bradley stoke,16QAM,-5.5,4,11110000,0,24.185,31.47,0,0.7845582999871112,4,24.185000000000002,31.47,3.552713678800501e-15,0.0,8,1,0,1.9614650000003166,4,24.169999999999998,31.47,0.015000000000000568,0.0,8,1
bradley_stoke__16QAM__pm5p5__load8,iter-2-scenario-1534,bradley stoke,16QAM,-5.5,8,11111111,0,23.286,31.47,0,0.8124554000096396,8,23.28625,31.47,0.000249999999997641,0.0,8,1,0,1.9465497999917716,8,23.2675,31.47,0.01850000000000307,0.0,8,1
bradley_stoke__16QAM__pm5p0__load1,iter-2-scenario-1154,bradley stoke,16QAM,-5.0,1,10000000,1,25.7,31.7,0,0.7787112999940291,1,25.7,31.7,0.0,0.0,8,1,0,1.9557400000048801,1,25.69,31.7,0.00999999999999801,0.0,8,1
bradley_stoke__16QAM__pm5p0__load2,iter-2-scenario-1346,bradley stoke,16QAM,-5.0,2,11000000,0,24.47,31.7,0,0.7618576999520883,2,24.47,31.7,0.0,0.0,8,1,0,1.8556332999723963,2,24.46,31.7,0.00999999999999801,0.0,8,1
bradley_stoke__16QAM__pm5p0__load4,iter-2-scenario-1490,bradley stoke,16QAM,-5.0,4,11110000,0,23.39,31.7,0,0.7315301999915391,4,23.39,31.7,0.0,0.0,8,1,0,1.917338999977801,4,23.3725,31.7,0.017500000000001847,0.0,8,1
bradley_stoke__16QAM__pm5p0__load8,iter-2-scenario-1535,bradley stoke,16QAM,-5.0,8,11111111,0,22.451,31.695,0,0.7384724000003189,8,22.45125,31.695,0.0002500000000011937,0.0,8,1,0,1.8871442999807186,8,22.427500000000002,31.695,0.023499999999998522,0.0,8,1
bradley_stoke__16QAM__pm4p5__load1,iter-2-scenario-1155,bradley stoke,16QAM,-4.5,1,10000000,1,24.98,31.91,0,0.7091053000185639,1,24.98,31.91,0.0,0.0,8,0,0,1.8254742000135593,1,24.97,31.91,0.010000000000001563,0.0,8,0
bradley_stoke__16QAM__pm4p5__load2,iter-2-scenario-1347,bradley stoke,16QAM,-4.5,2,11000000,0,23.675,31.91,0,0.7940304999938235,2,23.675,31.91,0.0,0.0,8,0,0,2.219971699989401,2,23.66,31.91,0.015000000000000568,0.0,8,0
bradley_stoke__16QAM__pm4p5__load4,iter-2-scenario-1491,bradley stoke,16QAM,-4.5,4,11110000,0,22.547,31.907,0,0.8399154999642633,4,22.5475,31.9075,0.0004999999999988347,0.0004999999999988347,8,0,0,2.140134899993427,4,22.5275,31.9075,0.01950000000000074,0.0004999999999988347,8,0
bradley_stoke__16QAM__pm4p5__load8,iter-2-scenario-1536,bradley stoke,16QAM,-4.5,8,11111111,0,21.579,31.904,0,0.8209900999790989,8,21.57875,31.90375,0.0002500000000011937,0.0002500000000011937,8,0,0,2.125145700003486,8,21.55125,31.90375,0.02775000000000105,0.0002500000000011937,8,0
froxfield__QPSK__pm5p5__load1,iter-2-scenario-1921,froxfield,QPSK,-5.5,1,10000000,1,10.22,31.11,0,0.8186592999845743,1,10.22,31.11,0.0,0.0,8,1,0,1.958825399982743,1,9.79,31.11,0.4300000000000015,0.0,8,1
froxfield__QPSK__pm5p5__load2,iter-2-scenario-2113,froxfield,QPSK,-5.5,2,11000000,0,8.21,31.11,0,0.7539324999670498,2,8.21,31.11,0.0,0.0,8,1,0,1.9372380999848247,2,7.515,31.11,0.6950000000000012,0.0,8,1
froxfield__QPSK__pm5p5__load4,iter-2-scenario-2257,froxfield,QPSK,-5.5,4,11110000,0,6.688,31.11,0,0.7681561000063084,4,6.6875,31.11,0.0004999999999997229,0.0,8,1,0,1.8703178000287153,4,5.655,31.11,1.0329999999999995,0.0,8,1
froxfield__QPSK__pm5p5__load8,iter-2-scenario-2302,froxfield,QPSK,-5.5,8,11111111,0,5.478,31.11,0,0.7724173999740742,8,5.4775,31.11,0.0004999999999997229,0.0,8,1,0,1.8757611999753863,8,4.04875,31.11,1.4292499999999997,0.0,8,1
froxfield__QPSK__pm5p0__load1,iter-2-scenario-1922,froxfield,QPSK,-5.0,1,10000000,1,10.2,31.32,0,0.8316501000081189,1,10.2,31.32,0.0,0.0,8,1,0,1.9774044000077993,1,9.78,31.32,0.41999999999999993,0.0,8,1
froxfield__QPSK__pm5p0__load2,iter-2-scenario-2114,froxfield,QPSK,-5.0,2,11000000,0,8.19,31.32,0,0.7856227000011131,2,8.19,31.32,0.0,0.0,8,1,0,1.9009059999953024,2,7.495,31.32,0.6949999999999994,0.0,8,1
froxfield__QPSK__pm5p0__load4,iter-2-scenario-2258,froxfield,QPSK,-5.0,4,11110000,0,6.67,31.32,0,0.7430538999615237,4,6.67,31.32,0.0,0.0,8,1,0,1.8785454999888316,4,5.635,31.32,1.0350000000000001,0.0,8,1
froxfield__QPSK__pm5p0__load8,iter-2-scenario-2303,froxfield,QPSK,-5.0,8,11111111,0,5.46,31.32,0,0.7442993999575265,8,5.46,31.32,0.0,0.0,8,1,0,1.93645680003101,8,4.03125,31.32,1.42875,0.0,8,1
froxfield__QPSK__pm4p5__load1,iter-2-scenario-1923,froxfield,QPSK,-4.5,1,10000000,1,10.18,31.51,0,0.7751726999995299,1,10.18,31.51,0.0,0.0,8,0,0,1.911263600050006,1,9.76,31.51,0.41999999999999993,0.0,8,0
froxfield__QPSK__pm4p5__load2,iter-2-scenario-2115,froxfield,QPSK,-4.5,2,11000000,0,8.17,31.51,0,0.764025800046511,2,8.17,31.51,0.0,0.0,8,0,0,1.920701699971687,2,7.475,31.51,0.6950000000000003,0.0,8,0
froxfield__QPSK__pm4p5__load4,iter-2-scenario-2259,froxfield,QPSK,-4.5,4,11110000,0,6.645,31.51,0,0.7453258999739774,4,6.645,31.51,0.0,0.0,8,0,0,2.000816299987491,4,5.6125,31.51,1.0324999999999998,0.0,8,0
froxfield__QPSK__pm4p5__load8,iter-2-scenario-2304,froxfield,QPSK,-4.5,8,11111111,0,5.434,31.51,0,0.7920182999805547,8,5.43375,31.51,0.00025000000000030553,0.0,8,0,0,1.927649500023108,8,4.0075,31.51,1.4264999999999999,0.0,8,0
froxfield__16QAM__pm5p5__load1,iter-2-scenario-2689,froxfield,16QAM,-5.5,1,10000000,1,10.22,31.11,0,0.7693123000208288,1,10.22,31.11,0.0,0.0,8,1,0,1.9526265000458807,1,9.79,31.11,0.4300000000000015,0.0,8,1
froxfield__16QAM__pm5p5__load2,iter-2-scenario-2881,froxfield,16QAM,-5.5,2,11000000,0,8.655,31.11,0,0.8425492999958806,2,8.655000000000001,31.11,1.7763568394002505e-15,0.0,8,1,0,1.9602273000054993,2,8.03,31.11,0.625,0.0,8,1
froxfield__16QAM__pm5p5__load4,iter-2-scenario-3025,froxfield,16QAM,-5.5,4,11110000,0,7.36,31.11,0,0.789364900032524,4,7.36,31.11,0.0,0.0,8,1,0,2.152742100006435,4,6.4925,31.11,0.8675000000000006,0.0,8,1
froxfield__16QAM__pm5p5__load8,iter-2-scenario-3070,froxfield,16QAM,-5.5,8,11111111,0,6.284,31.11,0,0.7546455999836326,8,6.28375,31.11,0.00024999999999941735,0.0,8,1,0,1.8614114000229165,8,5.13375,31.11,1.1502499999999998,0.0,8,1
froxfield__16QAM__pm5p0__load1,iter-2-scenario-2690,froxfield,16QAM,-5.0,1,10000000,1,10.2,31.32,0,0.7203492000116967,1,10.2,31.32,0.0,0.0,8,1,0,1.81962999998359,1,9.78,31.32,0.41999999999999993,0.0,8,1
froxfield__16QAM__pm5p0__load2,iter-2-scenario-2882,froxfield,16QAM,-5.0,2,11000000,0,8.635,31.32,0,0.7164551999885589,2,8.635000000000002,31.32,1.7763568394002505e-15,0.0,8,1,0,1.8482707999646664,2,8.015,31.32,0.6199999999999992,0.0,8,1
froxfield__16QAM__pm5p0__load4,iter-2-scenario-3026,froxfield,16QAM,-5.0,4,11110000,0,7.342,31.32,0,0.7227778000524268,4,7.342499999999999,31.32,0.0004999999999997229,0.0,8,1,0,1.7795619000098668,4,6.4775,31.32,0.8644999999999996,0.0,8,1
froxfield__16QAM__pm5p0__load8,iter-2-scenario-3071,froxfield,16QAM,-5.0,8,11111111,0,6.265,31.32,0,0.7019978999742307,8,6.265,31.32,0.0,0.0,8,1,0,1.7914886999642476,8,5.115,31.3175,1.1499999999999995,0.002500000000001279,8,1
froxfield__16QAM__pm4p5__load1,iter-2-scenario-2691,froxfield,16QAM,-4.5,1,10000000,1,10.18,31.51,0,0.7112265000469051,1,10.18,31.51,0.0,0.0,8,0,0,1.7980764000094496,1,9.76,31.51,0.41999999999999993,0.0,8,0
froxfield__16QAM__pm4p5__load2,iter-2-scenario-2883,froxfield,16QAM,-4.5,2,11000000,0,8.615,31.51,0,0.6966723000514321,2,8.614999999999998,31.51,1.7763568394002505e-15,0.0,8,0,0,1.8330792000051588,2,7.99,31.51,0.625,0.0,8,0
froxfield__16QAM__pm4p5__load4,iter-2-scenario-3027,froxfield,16QAM,-4.5,4,11110000,0,7.317,31.51,0,0.7719688999932259,4,7.3175,31.51,0.0004999999999997229,0.0,8,0,0,1.848739100038074,4,6.45,31.51,0.867,0.0,8,0
froxfield__16QAM__pm4p5__load8,iter-2-scenario-3072,froxfield,16QAM,-4.5,8,11111111,0,6.242,31.51,0,0.7264667000272311,8,6.2425,31.51,0.0004999999999997229,0.0,8,0,0,1.8682277000043541,8,5.0925,31.51,1.1494999999999997,0.0,8,0
powergate__QPSK__pm5p5__load1,iter-2-scenario-4993,powergate,QPSK,-5.5,1,10000000,1,9.96,28.21,0,0.7401995999971405,1,9.96,28.21,0.0,0.0,8,1,0,1.8744720999966376,1,9.53,28.0,0.4300000000000015,0.21000000000000085,8,1
powergate__QPSK__pm5p5__load2,iter-2-scenario-5185,powergate,QPSK,-5.5,2,11000000,0,7.96,28.21,0,0.7762653999961913,2,7.96,28.21,0.0,0.0,8,1,0,1.8774313000030816,2,7.265,27.85,0.6950000000000003,0.35999999999999943,8,1
powergate__QPSK__pm5p5__load4,iter-2-scenario-5329,powergate,QPSK,-5.5,4,11110000,0,6.442,28.21,0,0.7659939999575727,4,6.4425,28.21,0.0004999999999997229,0.0,8,1,0,1.8682005999726243,4,5.41,27.6675,1.032,0.5425000000000004,8,1
powergate__QPSK__pm5p5__load8,iter-2-scenario-5374,powergate,QPSK,-5.5,8,11111111,0,5.237,28.21,0,0.7597400000086054,8,5.2375,28.21,0.0004999999999997229,0.0,8,1,0,1.914911299943924,8,3.8025,27.43875,1.4344999999999999,0.771250000000002,8,1
powergate__QPSK__pm5p0__load1,iter-2-scenario-4994,powergate,QPSK,-5.0,1,10000000,1,10.01,27.94,0,0.7164286999613978,1,10.01,27.94,0.0,0.0,8,1,0,1.8867122000083327,1,9.58,27.7,0.4299999999999997,0.240000000000002,8,1
powergate__QPSK__pm5p0__load2,iter-2-scenario-5186,powergate,QPSK,-5.0,2,11000000,0,8.01,27.94,0,0.716939200006891,2,8.01,27.94,0.0,0.0,8,1,0,1.884331099980045,2,7.3149999999999995,27.54,0.6950000000000003,0.40000000000000213,8,1
powergate__QPSK__pm5p0__load4,iter-2-scenario-5330,powergate,QPSK,-5.0,4,11110000,0,6.492,27.94,0,0.7193059000419453,4,6.4925,27.94,0.0004999999999997229,0.0,8,1,0,1.892122899997048,4,5.46,27.3375,1.032,0.6025000000000027,8,1
powergate__QPSK__pm5p0__load8,iter-2-scenario-5375,powergate,QPSK,-5.0,8,11111111,0,5.289,27.94,0,0.7093272999627516,8,5.28875,27.94,0.00024999999999941735,0.0,8,1,0,1.8831247999914922,8,3.8575,27.08875,1.4314999999999998,0.8512500000000003,8,1
powergate__QPSK__pm4p5__load1,iter-2-scenario-4995,powergate,QPSK,-4.5,1,10000000,1,10.03,27.61,0,0.7220143000013195,1,10.03,27.61,0.0,0.0,8,0,0,1.8966849999851547,1,9.6,27.34,0.4299999999999997,0.2699999999999996,8,0
powergate__QPSK__pm4p5__load2,iter-2-scenario-5187,powergate,QPSK,-4.5,2,11000000,0,8.03,27.61,0,0.7351518000359647,2,8.03,27.61,0.0,0.0,8,0,0,1.8217057999572717,2,7.335,27.17,0.6949999999999994,0.4399999999999977,8,0
powergate__QPSK__pm4p5__load4,iter-2-scenario-5331,powergate,QPSK,-4.5,4,11110000,0,6.515,27.61,0,0.7031053999671713,4,6.515,27.61,0.0,0.0,8,0,0,1.8575275000184774,4,5.48,26.947499999999998,1.0349999999999993,0.6625000000000014,8,0
powergate__QPSK__pm4p5__load8,iter-2-scenario-5376,powergate,QPSK,-4.5,8,11111111,0,5.312,27.606,0,0.7326270000194199,8,5.3125,27.60625,0.0004999999999997229,0.000249999999997641,8,0,0,1.8236319000134245,8,3.88,26.677500000000002,1.4320000000000004,0.9284999999999997,8,0
powergate__16QAM__pm5p5__load1,iter-2-scenario-5761,powergate,16QAM,-5.5,1,10000000,1,9.96,28.21,0,0.7277146000415087,1,9.96,28.21,0.0,0.0,8,1,0,1.8124930000049062,1,9.53,28.0,0.4300000000000015,0.21000000000000085,8,1
powergate__16QAM__pm5p5__load2,iter-2-scenario-5953,powergate,16QAM,-5.5,2,11000000,0,8.405,28.21,0,0.7295123999938369,2,8.405000000000001,28.21,1.7763568394002505e-15,0.0,8,1,0,1.83054669998819,2,7.775,27.89,0.629999999999999,0.3200000000000003,8,1
powergate__16QAM__pm5p5__load4,iter-2-scenario-6097,powergate,16QAM,-5.5,4,11110000,0,7.112,28.21,0,0.7120236000046134,4,7.1125,28.21,0.0004999999999997229,0.0,8,1,0,1.8239052999997512,4,6.2425,27.759999999999998,0.8695000000000004,0.45000000000000284,8,1
powergate__16QAM__pm5p5__load8,iter-2-scenario-6142,powergate,16QAM,-5.5,8,11111111,0,6.04,28.21,0,0.7218441999866627,8,6.04,28.21,0.0,0.0,8,1,0,1.8960747999954037,8,4.89,27.59875,1.1500000000000004,0.6112500000000018,8,1
powergate__16QAM__pm5p0__load1,iter-2-scenario-5762,powergate,16QAM,-5.0,1,10000000,1,10.01,27.94,0,0.7703661000123248,1,10.01,27.94,0.0,0.0,8,1,0,1.9595046000322327,1,9.58,27.7,0.4299999999999997,0.240000000000002,8,1
powergate__16QAM__pm5p0__load2,iter-2-scenario-5954,powergate,16QAM,-5.0,2,11000000,0,8.45,27.94,0,0.7404199999873526,2,8.45,27.94,0.0,0.0,8,1,0,1.9164901999756694,2,7.825,27.585,0.6249999999999991,0.3550000000000004,8,1
powergate__16QAM__pm5p0__load4,iter-2-scenario-6098,powergate,16QAM,-5.0,4,11110000,0,7.162,27.94,0,0.738984800002072,4,7.1625,27.94,0.0004999999999997229,0.0,8,1,0,1.8333115999703296,4,6.2925,27.4375,0.8694999999999995,0.5025000000000013,8,1
powergate__16QAM__pm5p0__load8,iter-2-scenario-6143,powergate,16QAM,-5.0,8,11111111,0,6.091,27.94,0,0.713406800001394,8,6.0912500000000005,27.94,0.00025000000000030553,0.0,8,1,0,1.8777723999810405,8,4.94125,27.265,1.14975,0.6750000000000007,8,1
powergate__16QAM__pm4p5__load1,iter-2-scenario-5763,powergate,16QAM,-4.5,1,10000000,1,10.03,27.61,0,0.7250966000137851,1,10.03,27.61,0.0,0.0,8,0,0,1.8544024000293575,1,9.6,27.34,0.4299999999999997,0.2699999999999996,8,0
powergate__16QAM__pm4p5__load2,iter-2-scenario-5955,powergate,16QAM,-4.5,2,11000000,0,8.47,27.61,0,0.7239847999881022,2,8.47,27.61,0.0,0.0,8,0,0,1.838791099959053,2,7.845,27.215,0.6250000000000009,0.3949999999999996,8,0
powergate__16QAM__pm4p5__load4,iter-2-scenario-6099,powergate,16QAM,-4.5,4,11110000,0,7.185,27.61,0,0.7263378000352532,4,7.1850000000000005,27.61,8.881784197001252e-16,0.0,8,0,0,1.8665910999989137,4,6.3175,27.0575,0.8674999999999997,0.5524999999999984,8,0
powergate__16QAM__pm4p5__load8,iter-2-scenario-6144,powergate,16QAM,-4.5,8,11111111,0,6.112,27.605,0,0.7452727999771014,8,6.1125,27.605,0.0004999999999997229,0.0,8,0,0,1.9202762999921106,8,4.9625,26.86625,1.1494999999999997,0.7387499999999996,8,0
reading__QPSK__pm5p5__load1,iter-2-scenario-3457,reading,QPSK,-5.5,1,10000000,1,10.12,29.24,0,0.7414954000269063,1,10.12,29.24,0.0,0.0,8,1,0,1.8939522999571636,1,9.7,29.08,0.41999999999999993,0.16000000000000014,8,1
reading__QPSK__pm5p5__load2,iter-2-scenario-3649,reading,QPSK,-5.5,2,11000000,0,8.12,29.24,0,0.7360379000310786,2,8.12,29.24,0.0,0.0,8,1,0,1.8587821999681182,2,7.425,28.98,0.6949999999999994,0.259999999999998,8,1
reading__QPSK__pm5p5__load4,iter-2-scenario-3793,reading,QPSK,-5.5,4,11110000,0,6.6,29.24,0,0.7580038000014611,4,6.6,29.24,0.0,0.0,8,1,0,1.885581100010313,4,5.5649999999999995,28.8425,1.0350000000000001,0.3974999999999973,8,1
reading__QPSK__pm5p5__load8,iter-2-scenario-3838,reading,QPSK,-5.5,8,11111111,0,5.393,29.24,0,0.7501273000380024,8,5.3925,29.24,0.0004999999999997229,0.0,8,1,0,1.8544293000013568,8,3.9625,28.67125,1.4304999999999999,0.5687499999999979,8,1
reading__QPSK__pm5p0__load1,iter-2-scenario-3458,reading,QPSK,-5.0,1,10000000,1,10.12,29.18,0,0.720277399988845,1,10.12,29.18,0.0,0.0,8,1,0,1.8489029000047594,1,9.69,29.01,0.4299999999999997,0.16999999999999815,8,1
reading__QPSK__pm5p0__load2,iter-2-scenario-3650,reading,QPSK,-5.0,2,11000000,0,8.115,29.18,0,0.8369271000265144,2,8.114999999999998,29.18,1.7763568394002505e-15,0.0,8,1,0,1.8688269999693148,2,7.42,28.895,0.6950000000000003,0.28500000000000014,8,1
reading__QPSK__pm5p0__load4,iter-2-scenario-3794,reading,QPSK,-5.0,4,11110000,0,6.598,29.18,0,0.7150360999512486,4,6.5975,29.18,0.0004999999999997229,0.0,8,1,0,1.832358399988152,4,5.5649999999999995,28.744999999999997,1.0330000000000004,0.4350000000000023,8,1
reading__QPSK__pm5p0__load8,iter-2-scenario-3839,reading,QPSK,-5.0,8,11111111,0,5.39,29.18,0,0.74977370002307,8,5.390000000000001,29.18,8.881784197001252e-16,0.0,8,1,0,1.9560484000248834,8,3.96,28.55625,1.4299999999999997,0.6237500000000011,8,1
reading__QPSK__pm4p5__load1,iter-2-scenario-3459,reading,QPSK,-4.5,1,10000000,1,10.11,29.09,0,0.7424596999771893,1,10.11,29.09,0.0,0.0,8,0,0,1.9521705000079237,1,9.68,28.9,0.4299999999999997,0.19000000000000128,8,0
reading__QPSK__pm4p5__load2,iter-2-scenario-3651,reading,QPSK,-4.5,2,11000000,0,8.105,29.09,0,0.7234463000204414,2,8.105,29.09,0.0,0.0,8,0,0,1.901291600021068,2,7.41,28.775,0.6950000000000003,0.3150000000000013,8,0
reading__QPSK__pm4p5__load4,iter-2-scenario-3795,reading,QPSK,-4.5,4,11110000,0,6.585,29.09,0,0.7476556000183336,4,6.585,29.09,0.0,0.0,8,0,0,1.8832296000327915,4,5.5525,28.61,1.0324999999999998,0.4800000000000004,8,0
reading__QPSK__pm4p5__load8,iter-2-scenario-3840,reading,QPSK,-4.5,8,11111111,0,5.377,29.09,0,0.7492481999797747,8,5.3774999999999995,29.09,0.0004999999999997229,0.0,8,0,0,1.8731850999756716,8,3.95,28.405,1.4269999999999996,0.6849999999999987,8,0
reading__16QAM__pm5p5__load1,iter-2-scenario-4225,reading,16QAM,-5.5,1,10000000,1,10.12,29.24,0,0.7163796999957412,1,10.12,29.24,0.0,0.0,8,1,0,1.9079716999549419,1,9.7,29.08,0.41999999999999993,0.16000000000000014,8,1
reading__16QAM__pm5p5__load2,iter-2-scenario-4417,reading,16QAM,-5.5,2,11000000,0,8.56,29.24,0,0.7418746000039391,2,8.56,29.24,0.0,0.0,8,1,0,1.8246717000147328,2,7.9350000000000005,29.01,0.625,0.22999999999999687,8,1
reading__16QAM__pm5p5__load4,iter-2-scenario-4561,reading,16QAM,-5.5,4,11110000,0,7.272,29.24,0,0.7394310000236146,4,7.2725,29.24,0.0004999999999997229,0.0,8,1,0,1.8889357000007294,4,6.4025,28.91,0.8695000000000004,0.3299999999999983,8,1
reading__16QAM__pm5p5__load8,iter-2-scenario-4606,reading,16QAM,-5.5,8,11111111,0,6.196,29.239,0,0.7387514999718405,8,6.19625,29.23875,0.00025000000000030553,0.0002500000000011937,8,1,0,1.8653845000080764,8,5.045,28.7925,1.1509999999999998,0.44650000000000034,8,1
reading__16QAM__pm5p0__load1,iter-2-scenario-4226,reading,16QAM,-5.0,1,10000000,1,10.12,29.18,0,0.7567995000281371,1,10.12,29.18,0.0,0.0,8,1,0,1.9049437999492511,1,9.69,29.01,0.4299999999999997,0.16999999999999815,8,1
reading__16QAM__pm5p0__load2,iter-2-scenario-4418,reading,16QAM,-5.0,2,11000000,0,8.56,29.18,0,0.7302311999956146,2,8.56,29.18,0.0,0.0,8,1,0,1.8617027000291273,2,7.9350000000000005,28.93,0.625,0.25,8,1
reading__16QAM__pm5p0__load4,iter-2-scenario-4562,reading,16QAM,-5.0,4,11110000,0,7.268,29.18,0,0.7168309999979101,4,7.2675,29.18,0.0004999999999997229,0.0,8,1,0,1.8564975999761373,4,6.4,28.82,0.8679999999999994,0.35999999999999943,8,1
reading__16QAM__pm5p0__load8,iter-2-scenario-4607,reading,16QAM,-5.0,8,11111111,0,6.194,29.18,0,0.7341597999911755,8,6.19375,29.18,0.00025000000000030553,0.0,8,1,0,1.8373698000214063,8,5.0425,28.6875,1.1514999999999995,0.4924999999999997,8,1
reading__16QAM__pm4p5__load1,iter-2-scenario-4227,reading,16QAM,-4.5,1,10000000,1,10.11,29.09,0,0.7221717999782413,1,10.11,29.09,0.0,0.0,8,0,0,1.831451100006234,1,9.68,28.9,0.4299999999999997,0.19000000000000128,8,0
reading__16QAM__pm4p5__load2,iter-2-scenario-4419,reading,16QAM,-4.5,2,11000000,0,8.545,29.09,0,0.7110505999880843,2,8.545,29.09,0.0,0.0,8,0,0,1.8456915999995545,2,7.925,28.81,0.6200000000000001,0.28000000000000114,8,0
reading__16QAM__pm4p5__load4,iter-2-scenario-4563,reading,16QAM,-4.5,4,11110000,0,7.258,29.09,0,0.714153700042516,4,7.2575,29.09,0.0004999999999997229,0.0,8,0,0,1.828383499989286,4,6.390000000000001,28.6925,0.8679999999999994,0.39750000000000085,8,0
reading__16QAM__pm4p5__load8,iter-2-scenario-4608,reading,16QAM,-4.5,8,11111111,0,6.183,29.09,0,0.7382705999771133,8,6.1825,29.09,0.0004999999999997229,0.0,8,0,0,1.8891122000059113,8,5.0325,28.54875,1.1505,0.5412500000000016,8,0
