metric,comparison,n_paired_cpe_runs,mean_delta,std_delta,positive_fraction
in_fov_fraction,40deg_minus_70deg,72,-0.29930555555555555,0.3255648656433688,0
zero_gain_fraction,40deg_minus_70deg,72,0.29930555555555555,0.3255648656433688,0.6111111111111112
distance_mean,40deg_minus_70deg,72,0.0,0.0,0
H_LOS_mean,40deg_minus_70deg,72,9.266119902899354e-06,7.994192479762885e-06,0.8333333333333334
received_power_mean,40deg_minus_70deg,72,9.266119902899355e-05,7.994192479762886e-05,0.8333333333333334
SNR_mean,40deg_minus_70deg,72,490029419.64330065,407010501.2342769,0.8333333333333334
SNR_min,40deg_minus_70deg,72,255523040.30555555,414272926.9901233,0.3888888888888889
BER_mean,40deg_minus_70deg,72,0.14965277777777777,0.1627824328216844,0.6111111111111112
PER_mean,40deg_minus_70deg,72,0.29930555555555555,0.3255648656433688,0.6111111111111112
