representation,attacker,target,runs,accuracy_mean,accuracy_std,accuracy_ci95,balanced_accuracy_mean,balanced_accuracy_std,balanced_accuracy_ci95,macro_f1_mean,macro_f1_std,macro_f1_ci95
Majority,Baseline,dominant_cpe,10,0.3280701754385965,0.0,0.0,0.25,0.0,0.0,0.12351387054161163,0.0,0.0
Majority,Baseline,dominant_rat,10,0.9807017543859649,1.1702778228589004e-16,7.253457094217689e-17,0.5,0.0,0.0,0.49512843224092123,5.851389114294502e-17,3.6267285471088446e-17
PCA3,GradientBoosting,dominant_cpe,10,0.2350877192982456,2.925694557147251e-17,1.8133642735544223e-17,0.22310664999366603,0.0,0.0,0.2088418384397761,0.0,0.0
PCA3,GradientBoosting,dominant_rat,10,0.9175438596491226,2.340555645717801e-16,1.4506914188435379e-16,0.7797202797202798,0.0,0.0,0.5929746729667726,1.1702778228589004e-16,7.253457094217689e-17
PCA3,LogisticRegression,dominant_cpe,10,0.156140350877193,0.0,0.0,0.25986593024809584,0.0,0.0,0.0843735259524733,1.4628472785736255e-17,9.066821367772112e-18
PCA3,LogisticRegression,dominant_rat,10,0.3140350877192982,0.0,0.0,0.6502683363148478,1.1702778228589004e-16,7.253457094217689e-17,0.25772104006314717,0.0,0.0
PCA3,MLP,dominant_cpe,10,0.22526315789473683,0.04565300479588459,0.0282960255283748,0.2368974629085135,0.02835745614298914,0.01757613341179511,0.1843529977541129,0.03297361758233046,0.020437259914085622
PCA3,MLP,dominant_rat,10,0.9735087719298245,0.022746207731035712,0.014098245614035087,0.4963327370304114,0.01159690376269263,0.007187835420393562,0.4776502210514611,0.05527095678413463,0.03425729393134177
PCA3,RandomForest,dominant_cpe,10,0.2287719298245614,0.012950278863781426,0.008026665998601802,0.23292780519800252,0.01469827457272469,0.00911008496357225,0.21744726663987196,0.009597212441919694,0.005948413898974643
PCA3,RandomForest,dominant_rat,10,0.9212280701754386,0.0047831824670593204,0.0029646472077777893,0.6969344608879493,0.013955801134031115,0.008649895158556228,0.5720015516641255,0.006875700675129496,0.004261603430021463
RandomProjection3,GradientBoosting,dominant_cpe,10,0.24035087719298248,0.028045798381945725,0.017382965930223433,0.24177623173118076,0.02072425202578326,0.0128450244841474,0.22461790815612126,0.018670723317450795,0.011572234204208061
RandomProjection3,GradientBoosting,dominant_rat,10,0.9736842105263157,0.018621851845720065,0.011541943352206428,0.6924865831842576,0.12794522027120586,0.07930126911063552,0.679856359120498,0.10740384484388962,0.06656959271654049
RandomProjection3,LogisticRegression,dominant_cpe,10,0.17929824561403512,0.03421727328879972,0.02120808570695732,0.26582416621870053,0.01706087430275788,0.010574439447428195,0.12530051756786054,0.05068971188686667,0.03141780892604116
RandomProjection3,LogisticRegression,dominant_rat,10,0.8594736842105263,0.10914997499377117,0.067651855396025,0.8971621401853961,0.08136880439861423,0.05043290746733227,0.5226113202635415,0.177709715744323,0.11014562296225652
RandomProjection3,MLP,dominant_cpe,10,0.2733333333333333,0.038736234704394065,0.02400896701036991,0.25617028766103145,0.021844386989814866,0.01353929132768101,0.19893376948449304,0.037633812597107456,0.023325678709188065
RandomProjection3,MLP,dominant_rat,10,0.9807017543859649,1.1702778228589004e-16,7.253457094217689e-17,0.5,0.0,0.0,0.4786827289162671,0.05200588022931044,0.032233578516322
RandomProjection3,RandomForest,dominant_cpe,10,0.2305263157894737,0.027206498558829766,0.016862762510382153,0.2622781194393233,0.029899995004896134,0.018532208903653317,0.21439034616284527,0.027905327814811667,0.017295901370697028
RandomProjection3,RandomForest,dominant_rat,10,0.9594736842105263,0.0416516336890589,0.02581595002198781,0.7565376483981134,0.15448075652359106,0.09574816487497068,0.6667938455424143,0.16036542269536247,0.09939551875598876
RawPrivate,GradientBoosting,dominant_cpe,10,0.27543859649122815,5.851389114294502e-17,3.6267285471088446e-17,0.307306563303575,0.0,0.0,0.275721436677319,0.0,0.0
RawPrivate,GradientBoosting,dominant_rat,10,0.9894736842105264,1.1702778228589004e-16,7.253457094217689e-17,0.950073182631322,2.340555645717801e-16,1.4506914188435379e-16,0.8819223864107169,0.0,0.0
RawPrivate,LogisticRegression,dominant_cpe,10,0.16140350877192983,0.0,0.0,0.2627389876641661,0.0,0.0,0.09907871924270195,0.0,0.0
RawPrivate,LogisticRegression,dominant_rat,10,0.9807017543859649,1.1702778228589004e-16,7.253457094217689e-17,0.9901610017889088,0.0,0.0,0.8283649503161697,1.1702778228589004e-16,7.253457094217689e-17
RawPrivate,MLP,dominant_cpe,10,0.25526315789473686,0.03668163325314722,0.022735511837483728,0.27429852115770764,0.0358248500325905,0.0222044720956409,0.19080446234195336,0.036401558604717464,0.02256191977191758
RawPrivate,MLP,dominant_rat,10,0.9808771929824562,0.0005547855544154718,0.0003438596491227863,0.5045454545454545,0.01437398936440171,0.0089090909090909,0.5035056599388149,0.02649112000319302,0.016419366287871644
RawPrivate,RandomForest,dominant_cpe,10,0.23508771929824562,0.008634399450428886,0.005351656224248034,0.29477880026684466,0.007992619566168941,0.004953876930862862,0.2257497329734718,0.010092034653643504,0.006255107883248947
RawPrivate,RandomForest,dominant_rat,10,0.9903508771929823,0.001240538212607982,0.0007688935501578248,0.9416083916083917,0.028656797158003067,0.017761666895087038,0.6025980707471429,0.011500504221288189,0.007128086365611749
StratifiedRandom,Baseline,dominant_cpe,10,0.2656140350877193,0.014936913493073654,0.00925799489879883,0.2537368205381585,0.01578441039052866,0.00978327891795209,0.25295843136136953,0.015346072028116808,0.009511593986186331
StratifiedRandom,Baseline,dominant_rat,10,0.9692982456140351,0.005624381304582283,0.0034860276489428505,0.49864205561879976,0.01291998161908417,0.008007887571787928,0.46239079760126217,0.06404179737823262,0.039693517252578116
V1,GradientBoosting,dominant_cpe,10,0.25263157894736843,0.0,0.0,0.27331150434203344,5.851389114294502e-17,3.6267285471088446e-17,0.24808563501893302,2.925694557147251e-17,1.8133642735544223e-17
V1,GradientBoosting,dominant_rat,10,0.9789473684210528,1.1702778228589004e-16,7.253457094217689e-17,0.5436656366888925,0.0,0.0,0.5660999746257296,1.1702778228589004e-16,7.253457094217689e-17
V1,LogisticRegression,dominant_cpe,10,0.1543859649122807,0.0,0.0,0.2570097771156784,0.0,0.0,0.08413500797748716,0.0,0.0
V1,LogisticRegression,dominant_rat,10,0.856140350877193,0.0,0.0,0.9266547406082288,2.340555645717801e-16,1.4506914188435379e-16,0.5661939411939411,1.1702778228589004e-16,7.253457094217689e-17
V1,MLP,dominant_cpe,10,0.25157894736842107,0.0445458983631044,0.02760983385217214,0.26489369667830986,0.02954517128730109,0.018312286885025373,0.1998995403492136,0.01965251309069274,0.0121807538101214
V1,MLP,dominant_rat,10,0.9740350877192985,0.014078879051044846,0.008726179641853014,0.5055130915596032,0.02363881646942265,0.014651490241878817,0.4650045862030224,0.0641941616380025,0.03978795359917428
V1,RandomForest,dominant_cpe,10,0.237719298245614,0.007454706891217528,0.00462047520077929,0.28636458574987517,0.00728579055951457,0.004515779773711646,0.2220390159850159,0.008424592878299532,0.005221616763591806
V1,RandomForest,dominant_rat,10,0.9791228070175441,0.001930710411604567,0.001196666710962837,0.5392990730200034,0.03344148468925204,0.020727246951314185,0.4859605860353574,0.11384137245080989,0.0705596136652044
V2,GradientBoosting,dominant_cpe,10,0.25456140350877193,0.01326982927813411,0.00822472539737639,0.26006491860484826,0.0192276976090909,0.011917450446717418,0.24689120109948653,0.01646003266413997,0.01020203394157252
V2,GradientBoosting,dominant_rat,10,0.9836842105263159,0.004965597594234774,0.0030777092749603567,0.7109530004878842,0.14819025724646726,0.09184927302924129,0.7231001138404862,0.11941961909848015,0.0740170467575444
V2,LogisticRegression,dominant_cpe,10,0.16596491228070173,0.014914000588814107,0.009243793333606,0.26028313775450695,0.018314945050630336,0.011351720549840669,0.11341793850230446,0.02100758509379705,0.013020636139095328
V2,LogisticRegression,dominant_rat,10,0.8921052631578948,0.08322707907459943,0.0515846780442199,0.8736949097414215,0.051771241749587305,0.0320881480798837,0.5869495695249187,0.13166300996889155,0.08160557903864984
V2,MLP,dominant_cpe,10,0.2792982456140351,0.033438839899377744,0.02072560769356686,0.2531997520326257,0.014398693145799,0.00892440247143363,0.2020975107431235,0.04261418453646223,0.02641254521812567
V2,MLP,dominant_rat,10,0.9687719298245614,0.023966621797071708,0.01485466608892254,0.49391771019677994,0.012219118447523146,0.0075734880775365394,0.4434851092104465,0.08289180385226112,0.05137687230848065
V2,RandomForest,dominant_cpe,10,0.19333333333333333,0.025528174607266998,0.01582252654802587,0.2539578026148512,0.026025453324707702,0.016130743090317697,0.17368046564575346,0.0308575668969946,0.019125718111321393
V2,RandomForest,dominant_rat,10,0.9829824561403508,0.0063551943798349,0.00393899028582239,0.7506993006993008,0.12382050398359402,0.0767447434691494,0.7550121963202542,0.07977448460586987,0.04944473782203536
V3_8D_sigma005,GradientBoosting,dominant_cpe,10,0.24964912280701754,0.01988390091019491,0.012324169466480968,0.2655948448532423,0.02359663086776493,0.014625343335081035,0.24353195031545066,0.01893664366759914,0.01173705334480908
V3_8D_sigma005,GradientBoosting,dominant_rat,10,0.9814035087719297,0.004619512902486865,0.002863203760669185,0.6785981460400065,0.1166449015186643,0.0722972589840225,0.6972132618142186,0.10187325709412022,0.06314169891515593
V3_8D_sigma005,LogisticRegression,dominant_cpe,10,0.17456140350877197,0.01509746274084864,0.009357504353519584,0.26737149137861016,0.016912011321691015,0.010482173215855248,0.12140342959144575,0.02213746757628791,0.013720944557162629
V3_8D_sigma005,LogisticRegression,dominant_rat,10,0.8703508771929824,0.11610344931800337,0.07196166343317548,0.8848837209302325,0.0886372383912672,0.05493792952944976,0.543922731816887,0.14502926546943457,0.08989007002786596
V3_8D_sigma005,MLP,dominant_cpe,10,0.2580701754385965,0.048502417724821084,0.030062109958929883,0.24258842889630555,0.024400987542602778,0.015123888767235857,0.1887833084317699,0.04579877400372139,0.02838637421943342
V3_8D_sigma005,MLP,dominant_rat,10,0.9800000000000001,0.0036238440666268197,0.002246081822622234,0.513010245568385,0.043060727299683535,0.02668931529019681,0.498531478354328,0.08696712940042275,0.05390278525249819
V3_8D_sigma005,RandomForest,dominant_cpe,10,0.19368421052631576,0.01806629531195287,0.011197605845130682,0.24748985593036207,0.027097737808246713,0.016795351898775252,0.17248675016842907,0.02084719843465918,0.012921227457855906
V3_8D_sigma005,RandomForest,dominant_rat,10,0.9824561403508772,0.0034099133887983877,0.0021134862147712138,0.7192389006342494,0.09289520864709555,0.057577046836112575,0.7359511823743248,0.061191980822502705,0.03792718265154463
V3_sigma0,GradientBoosting,dominant_cpe,10,0.25561403508771935,0.008636379590221097,0.005352883527606502,0.2540133018561156,0.015618899377357607,0.00968069412917741,0.24471026056348028,0.012243980674352622,0.0075888978453755775
V3_sigma0,GradientBoosting,dominant_rat,10,0.9761403508771929,0.006929269353730344,0.004294805641003806,0.6625467555700114,0.10611635583786684,0.06577159876313468,0.6356359716611232,0.10314986252321856,0.06393294715769626
V3_sigma0,LogisticRegression,dominant_cpe,10,0.1887719298245614,0.027244182447650363,0.016886119226656216,0.2766961807146525,0.01648132308285706,0.010215229879807518,0.14423695043002613,0.03217809650094003,0.019944190839486328
V3_sigma0,LogisticRegression,dominant_rat,10,0.630877192982456,0.13351070586442834,0.08275079281948505,0.8118067978533094,0.06806896452837582,0.042189581312259826,0.29232878660455175,0.049578445531616534,0.03072903890317913
V3_sigma0,MLP,dominant_cpe,10,0.2791228070175439,0.02308941970429408,0.014310970598959588,0.25798951924943336,0.025780024725738804,0.015978624868683282,0.21186127992441825,0.030089781958909413,0.018649840076447367
V3_sigma0,MLP,dominant_rat,10,0.9787719298245614,0.003647360498131631,0.0022606574578771647,0.4990161001788909,0.001859566622482121,0.0011525713336225155,0.47820508138795786,0.05257464210801817,0.03258610078098859
V3_sigma0,RandomForest,dominant_cpe,10,0.2196491228070175,0.018691507603249568,0.01158511643801021,0.24385971704786114,0.028014435422637724,0.017363526966650448,0.21186357947509923,0.021531708035870938,0.013345490904192117
V3_sigma0,RandomForest,dominant_rat,10,0.9729824561403507,0.024522386163233437,0.015199132411850993,0.7767929744673931,0.07554987478833296,0.04682629752924605,0.7162769618059617,0.10256985722342601,0.06357345614844287
V3_sigma001,GradientBoosting,dominant_cpe,10,0.24614035087719296,0.017368519502743398,0.010765119917889952,0.24415027895540428,0.02498874634604782,0.015488185447841361,0.23661999920837812,0.01962639881682336,0.012164568015487142
V3_sigma001,GradientBoosting,dominant_rat,10,0.9778947368421053,0.004975917517235696,0.0030841056295046096,0.6277931370954626,0.07083746553664612,0.04390551601481876,0.6453660945850851,0.060856809004346736,0.03771944100638159
V3_sigma001,LogisticRegression,dominant_cpe,10,0.19315789473684208,0.030267889564275004,0.01876023231395189,0.27628785861111943,0.018935444335701553,0.011736309991197576,0.15146474516575822,0.04013811426166561,0.024877860961986388
V3_sigma001,LogisticRegression,dominant_rat,10,0.6249122807017544,0.0986444147612637,0.0611404417035859,0.8087656529516994,0.05029276960100205,0.031171781548339852,0.2901058035319778,0.03631714101112821,0.022509597205332417
V3_sigma001,MLP,dominant_cpe,10,0.28964912280701754,0.022351883960788625,0.013853841209128045,0.25460338446802855,0.01303668796266107,0.008080222912954188,0.21185604608552805,0.024668349929698057,0.015289601691596473
V3_sigma001,MLP,dominant_rat,10,0.9789473684210528,0.0036985703627700458,0.0022923976608187203,0.49910554561717363,0.0018856754085678953,0.0011687537268932548,0.47824983950566696,0.05259041496938062,0.03259587690174478
V3_sigma001,RandomForest,dominant_cpe,10,0.216140350877193,0.012454904806525507,0.007719629976923078,0.2396065598217029,0.02184054477143525,0.013536909896056928,0.2085314853048585,0.013902903481562508,0.008617108853879571
V3_sigma001,RandomForest,dominant_rat,10,0.9771929824561404,0.005789178325503878,0.003588169900736492,0.71655553748577,0.07363759763246448,0.04564105586855563,0.7076332859945642,0.04523301985131437,0.028035716162841794
V3_sigma005,GradientBoosting,dominant_cpe,10,0.24912280701754388,0.01806250901927544,0.011195259076615938,0.24776433351460322,0.025750315077594173,0.015960210637985917,0.23816820799144475,0.018189946615041825,0.011274245716798829
V3_sigma005,GradientBoosting,dominant_rat,10,0.9764912280701754,0.00879917795265685,0.005453786998036446,0.6092535371605139,0.06997977779170128,0.04337391564295187,0.6332528017083013,0.07980441584992112,0.0494632893992986
V3_sigma005,LogisticRegression,dominant_cpe,10,0.1933333333333333,0.032589421299402316,0.02019913259085144,0.27268197208813927,0.01888104203317968,0.011702591094755953,0.14668443399488823,0.03496738778945309,0.021673011491242285
V3_sigma005,LogisticRegression,dominant_rat,10,0.6312280701754387,0.11391296504742483,0.07060398721631055,0.8119856887298746,0.0580772719830341,0.03599666611207244,0.30264299305919506,0.02905824032690932,0.018010483948999494
V3_sigma005,MLP,dominant_cpe,10,0.29017543859649125,0.033839392379164966,0.02097387269264387,0.2531662780785912,0.008938456646176008,0.005540112826642849,0.20107454790645632,0.0215338499886853,0.01334681850030078
V3_sigma005,MLP,dominant_rat,10,0.9682456140350878,0.03584418476133156,0.0222164558846705,0.493649373881932,0.01827476325041054,0.011326815612041307,0.4762982255875044,0.058604688237758384,0.0363235620934976
V3_sigma005,RandomForest,dominant_cpe,10,0.21403508771929824,0.0247140896013046,0.015317951433770615,0.24144805660873678,0.032509601264533824,0.02014965962068413,0.20104096520514295,0.023866363692289803,0.014792525471782024
V3_sigma005,RandomForest,dominant_rat,10,0.9738596491228071,0.011140312504730444,0.006904837226756691,0.7282241014799153,0.0626989393382633,0.03886120521638591,0.7037242601610989,0.05610580884783371,0.03477474060133566
V3_sigma010,GradientBoosting,dominant_cpe,10,0.2426315789473684,0.020055154618467293,0.012430313614555556,0.23968574873554854,0.026057715241855548,0.01615073923373238,0.23189372002932954,0.019866621212255266,0.012313459398738246
V3_sigma010,GradientBoosting,dominant_rat,10,0.979122807017544,0.005451471900080174,0.003378857289713203,0.6551553098064726,0.07757625463847756,0.04808226077254707,0.6539253560093493,0.08975120105112537,0.05562837073922188
V3_sigma010,LogisticRegression,dominant_cpe,10,0.1875438596491228,0.030391920327214376,0.018837107377271987,0.2748975057453257,0.021999883637137767,0.013635669148196828,0.14456523211645605,0.03673918287467604,0.022771181462456033
V3_sigma010,LogisticRegression,dominant_rat,10,0.6678947368421053,0.06681552069659705,0.0414126887764679,0.8306797853309481,0.034065158136905464,0.02111380375902209,0.3053075072000413,0.024106742305993405,0.014941513680121065
V3_sigma010,MLP,dominant_cpe,10,0.2978947368421053,0.01706560605096705,0.010577372215352654,0.2523173799932389,0.007008403568876043,0.004343853535703006,0.20186835145676424,0.020171967383815468,0.012502714916619029
V3_sigma010,MLP,dominant_rat,10,0.979122807017544,0.0033542995087017615,0.0020790163747687446,0.49919499105545617,0.0017101527012164544,0.001059963625776547,0.4782949166112423,0.05260454206280839,0.032604632964966934
V3_sigma010,RandomForest,dominant_cpe,10,0.21105263157894733,0.013640907142214869,0.008454721840370443,0.2381971347886338,0.029871953720961335,0.018514828735806427,0.20154824922191916,0.01215135125378536,0.007531485535698076
V3_sigma010,RandomForest,dominant_rat,10,0.972982456140351,0.015276483618484844,0.009468462643041914,0.7634249471458773,0.05280004127464852,0.032725804631842714,0.6829076353288089,0.13791450521394666,0.08548029593484283
