representation,attacker,target,seed,test_samples,unseen_test_labels,accuracy,balanced_accuracy,macro_f1
Majority,Baseline,dominant_cpe,3,570,0,0.3280701754385965,0.25,0.12351387054161163
StratifiedRandom,Baseline,dominant_cpe,3,570,0,0.25263157894736843,0.24011347998717483,0.24001679491091052
RawPrivate,LogisticRegression,dominant_cpe,3,570,0,0.16140350877192983,0.2627389876641661,0.09907871924270195
RawPrivate,RandomForest,dominant_cpe,3,570,0,0.21578947368421053,0.2793456470175335,0.20196595899579625
RawPrivate,MLP,dominant_cpe,3,570,0,0.18421052631578946,0.277488764333483,0.14098625612694646
RawPrivate,GradientBoosting,dominant_cpe,3,570,0,0.2754385964912281,0.307306563303575,0.275721436677319
V1,LogisticRegression,dominant_cpe,3,570,0,0.1543859649122807,0.2570097771156784,0.08413500797748716
V1,RandomForest,dominant_cpe,3,570,0,0.24385964912280703,0.29504783249360655,0.22698853032743815
V1,MLP,dominant_cpe,3,570,0,0.34035087719298246,0.2729959577138476,0.20958156316974433
V1,GradientBoosting,dominant_cpe,3,570,0,0.25263157894736843,0.2733115043420334,0.248085635018933
V2,LogisticRegression,dominant_cpe,3,570,0,0.18596491228070175,0.2789252259610274,0.14623368253174157
V2,RandomForest,dominant_cpe,3,570,0,0.18771929824561404,0.2783878480960552,0.14952295026026477
V2,MLP,dominant_cpe,3,570,0,0.24035087719298245,0.24660708456476016,0.22047192892906167
V2,GradientBoosting,dominant_cpe,3,570,0,0.2578947368421053,0.26359925155218733,0.25703034318504936
V3_sigma005,LogisticRegression,dominant_cpe,3,570,0,0.17017543859649123,0.2609188256298992,0.12420442024758571
V3_sigma005,RandomForest,dominant_cpe,3,570,0,0.19473684210526315,0.21621264591308875,0.1910669818380998
V3_sigma005,MLP,dominant_cpe,3,570,0,0.2929824561403509,0.23724804607157546,0.1695736434108527
V3_sigma005,GradientBoosting,dominant_cpe,3,570,0,0.2596491228070175,0.25503486433531075,0.24592280599670813
PCA3,LogisticRegression,dominant_cpe,3,570,0,0.156140350877193,0.25986593024809584,0.08437352595247331
PCA3,RandomForest,dominant_cpe,3,570,0,0.22807017543859648,0.22581108283979717,0.21428417685016268
PCA3,MLP,dominant_cpe,3,570,0,0.3263157894736842,0.2579853642049221,0.1924987119275509
PCA3,GradientBoosting,dominant_cpe,3,570,0,0.23508771929824562,0.22310664999366603,0.2088418384397761
RandomProjection3,LogisticRegression,dominant_cpe,3,570,0,0.1649122807017544,0.263724534233321,0.10503336476160544
RandomProjection3,RandomForest,dominant_cpe,3,570,0,0.22807017543859648,0.23305719636189512,0.2125851504566839
RandomProjection3,MLP,dominant_cpe,3,570,0,0.2631578947368421,0.22521596051007814,0.16537417312913436
RandomProjection3,GradientBoosting,dominant_cpe,3,570,0,0.21578947368421053,0.21308743687844203,0.19983190156786748
V3_sigma0,LogisticRegression,dominant_cpe,3,570,0,0.16666666666666666,0.25631442074923005,0.1211054876496053
V3_sigma0,RandomForest,dominant_cpe,3,570,0,0.21052631578947367,0.2275616784593117,0.20810599864419183
V3_sigma0,MLP,dominant_cpe,3,570,0,0.2982456140350877,0.24125874125874125,0.17196828814720563
V3_sigma0,GradientBoosting,dominant_cpe,3,570,0,0.2543859649122807,0.24496692710838164,0.24248061297366194
V3_sigma001,LogisticRegression,dominant_cpe,3,570,0,0.17543859649122806,0.2648997844301351,0.13355376141867048
V3_sigma001,RandomForest,dominant_cpe,3,570,0,0.20350877192982456,0.22347788132094334,0.20152884799552107
V3_sigma001,MLP,dominant_cpe,3,570,0,0.2824561403508772,0.2321061291649527,0.1681299666752115
V3_sigma001,GradientBoosting,dominant_cpe,3,570,0,0.22456140350877193,0.2163649028433005,0.21353463347122736
V3_sigma010,LogisticRegression,dominant_cpe,3,570,0,0.17543859649122806,0.2645879943094278,0.13322569672781698
V3_sigma010,RandomForest,dominant_cpe,3,570,0,0.19824561403508772,0.2193541278855936,0.19118135739439707
V3_sigma010,MLP,dominant_cpe,3,570,0,0.2982456140350877,0.24249280131633072,0.17413696637386
V3_sigma010,GradientBoosting,dominant_cpe,3,570,0,0.23508771929824562,0.22790244735199525,0.22123534306335663
V3_8D_sigma005,LogisticRegression,dominant_cpe,3,570,0,0.16140350877192983,0.26059615268605596,0.10050428446847068
V3_8D_sigma005,RandomForest,dominant_cpe,3,570,0,0.20175438596491227,0.2627424363905696,0.1827905854383413
V3_8D_sigma005,MLP,dominant_cpe,3,570,0,0.19824561403508772,0.21104413356486465,0.18013666424280497
V3_8D_sigma005,GradientBoosting,dominant_cpe,3,570,0,0.25087719298245614,0.2748175244925077,0.2482667321382569
Majority,Baseline,dominant_rat,3,570,0,0.980701754385965,0.5,0.4951284322409212
StratifiedRandom,Baseline,dominant_rat,3,570,0,0.9631578947368421,0.49105545617173524,0.4906166219839142
RawPrivate,LogisticRegression,dominant_rat,3,570,0,0.980701754385965,0.9901610017889088,0.8283649503161699
RawPrivate,RandomForest,dominant_rat,3,570,0,0.9894736842105263,0.9500731826313222,0.5982046678635548
RawPrivate,MLP,dominant_rat,3,570,0,0.980701754385965,0.5,0.4951284322409212
RawPrivate,GradientBoosting,dominant_rat,3,570,0,0.9894736842105263,0.9500731826313222,0.8819223864107169
V1,LogisticRegression,dominant_rat,3,570,0,0.856140350877193,0.926654740608229,0.5661939411939412
V1,RandomForest,dominant_rat,3,570,0,0.9789473684210527,0.5436656366888925,0.3810629867468234
V1,MLP,dominant_rat,3,570,0,0.980701754385965,0.5,0.4951284322409212
V1,GradientBoosting,dominant_rat,3,570,0,0.9789473684210527,0.5436656366888925,0.5660999746257295
V2,LogisticRegression,dominant_rat,3,570,0,0.9403508771929825,0.7467880956253049,0.6148954773070503
V2,RandomForest,dominant_rat,3,570,0,0.9824561403508771,0.5900146365262644,0.6384166455214413
V2,MLP,dominant_rat,3,570,0,0.980701754385965,0.5,0.4951284322409212
V2,GradientBoosting,dominant_rat,3,570,0,0.9842105263157894,0.5909090909090909,0.6498532523377244
V3_sigma005,LogisticRegression,dominant_rat,3,570,0,0.6298245614035087,0.8112701252236136,0.29156067084375364
V3_sigma005,RandomForest,dominant_rat,3,570,0,0.9701754385964912,0.7619938201333549,0.6992457866476303
V3_sigma005,MLP,dominant_rat,3,570,0,0.9701754385964912,0.49463327370304117,0.4924309884238646
V3_sigma005,GradientBoosting,dominant_rat,3,570,0,0.9736842105263158,0.5409822735404131,0.5521449897857629
PCA3,LogisticRegression,dominant_rat,3,570,0,0.3140350877192982,0.6502683363148479,0.25772104006314717
PCA3,RandomForest,dominant_rat,3,570,0,0.9280701754385965,0.6959668238738006,0.5792146059525739
PCA3,MLP,dominant_rat,3,570,0,0.980701754385965,0.5,0.4951284322409212
PCA3,GradientBoosting,dominant_rat,3,570,0,0.9175438596491228,0.7797202797202798,0.5929746729667725
RandomProjection3,LogisticRegression,dominant_rat,3,570,0,0.6982456140350877,0.8461538461538461,0.31072381849583924
RandomProjection3,RandomForest,dominant_rat,3,570,0,0.9491228070175438,0.48389982110912344,0.48694869486948694
RandomProjection3,MLP,dominant_rat,3,570,0,0.980701754385965,0.5,0.4951284322409212
RandomProjection3,GradientBoosting,dominant_rat,3,570,0,0.9578947368421052,0.5329321840949748,0.527689545642867
V3_sigma0,LogisticRegression,dominant_rat,3,570,0,0.6421052631578947,0.817531305903399,0.29578600515341114
V3_sigma0,RandomForest,dominant_rat,3,570,0,0.9754385964912281,0.7646771832818344,0.7244855682916724
V3_sigma0,MLP,dominant_rat,3,570,0,0.9719298245614035,0.49552772808586765,0.4928825622775801
V3_sigma0,GradientBoosting,dominant_rat,3,570,0,0.9719298245614035,0.49552772808586765,0.4928825622775801
V3_sigma001,LogisticRegression,dominant_rat,3,570,0,0.5929824561403508,0.7924865831842576,0.2792321651702876
V3_sigma001,RandomForest,dominant_rat,3,570,0,0.9666666666666667,0.7602049113677021,0.6849821111725181
V3_sigma001,MLP,dominant_rat,3,570,0,0.9719298245614035,0.49552772808586765,0.4928825622775801
V3_sigma001,GradientBoosting,dominant_rat,3,570,0,0.9789473684210527,0.5882257277606114,0.6196619217081851
V3_sigma010,LogisticRegression,dominant_rat,3,570,0,0.656140350877193,0.8246869409660107,0.3008673003903041
V3_sigma010,RandomForest,dominant_rat,3,570,0,0.9736842105263158,0.763782728899008,0.7154836777478286
V3_sigma010,MLP,dominant_rat,3,570,0,0.9736842105263158,0.4964221824686941,0.49333333333333335
V3_sigma010,GradientBoosting,dominant_rat,3,570,0,0.9754385964912281,0.5418767279232395,0.5562722419928825
V3_8D_sigma005,LogisticRegression,dominant_rat,3,570,0,0.8403508771929824,0.9186046511627908,0.37233329389960174
V3_8D_sigma005,RandomForest,dominant_rat,3,570,0,0.9824561403508771,0.7236949097414214,0.7455357142857143
V3_8D_sigma005,MLP,dominant_rat,3,570,0,0.980701754385965,0.5,0.4951284322409212
V3_8D_sigma005,GradientBoosting,dominant_rat,3,570,0,0.9789473684210527,0.5882257277606114,0.6196619217081851
Majority,Baseline,dominant_cpe,7,570,0,0.3280701754385965,0.25,0.12351387054161163
StratifiedRandom,Baseline,dominant_cpe,7,570,0,0.2578947368421053,0.24764386484515405,0.24676892701383923
RawPrivate,LogisticRegression,dominant_cpe,7,570,0,0.16140350877192983,0.2627389876641661,0.09907871924270195
RawPrivate,RandomForest,dominant_cpe,7,570,0,0.23859649122807017,0.29740563282298604,0.2296425887322674
RawPrivate,MLP,dominant_cpe,7,570,0,0.26666666666666666,0.25934542509948666,0.20060358543178392
RawPrivate,GradientBoosting,dominant_cpe,7,570,0,0.2754385964912281,0.307306563303575,0.275721436677319
V1,LogisticRegression,dominant_cpe,7,570,0,0.1543859649122807,0.2570097771156784,0.08413500797748716
V1,RandomForest,dominant_cpe,7,570,0,0.22807017543859648,0.27536628236542915,0.21477230092598049
V1,MLP,dominant_cpe,7,570,0,0.2543859649122807,0.3278651553342674,0.2180455067270658
V1,GradientBoosting,dominant_cpe,7,570,0,0.25263157894736843,0.2733115043420334,0.248085635018933
V2,LogisticRegression,dominant_cpe,7,570,0,0.18596491228070175,0.2836519856567074,0.13838788161924498
V2,RandomForest,dominant_cpe,7,570,0,0.21929824561403508,0.2912575953661239,0.1958366889443584
V2,MLP,dominant_cpe,7,570,0,0.2982456140350877,0.2778459876759407,0.27431666736458116
V2,GradientBoosting,dominant_cpe,7,570,0,0.24561403508771928,0.25127228015363545,0.2425434548237712
V3_sigma005,LogisticRegression,dominant_cpe,7,570,0,0.2578947368421053,0.30484171040288355,0.23162452410818424
V3_sigma005,RandomForest,dominant_cpe,7,570,0,0.22807017543859648,0.26344464285889035,0.22518389230036856
V3_sigma005,MLP,dominant_cpe,7,570,0,0.2543859649122807,0.24718022027717912,0.1929516627393765
V3_sigma005,GradientBoosting,dominant_cpe,7,570,0,0.23684210526315788,0.23967853797739092,0.23020364060256268
PCA3,LogisticRegression,dominant_cpe,7,570,0,0.156140350877193,0.25986593024809584,0.08437352595247331
PCA3,RandomForest,dominant_cpe,7,570,0,0.22456140350877193,0.22689893899498148,0.21325264441087843
PCA3,MLP,dominant_cpe,7,570,0,0.21403508771929824,0.2847449714964736,0.1859242849097029
PCA3,GradientBoosting,dominant_cpe,7,570,0,0.23508771929824562,0.22310664999366603,0.2088418384397761
RandomProjection3,LogisticRegression,dominant_cpe,7,570,0,0.14736842105263157,0.24890886873850576,0.07377694539311813
RandomProjection3,RandomForest,dominant_cpe,7,570,0,0.23333333333333334,0.30133955636151755,0.21169345773292153
RandomProjection3,MLP,dominant_cpe,7,570,0,0.2807017543859649,0.22133784004797472,0.15102669880411607
RandomProjection3,GradientBoosting,dominant_cpe,7,570,0,0.22982456140350876,0.2534367150497464,0.22713988845773972
V3_sigma0,LogisticRegression,dominant_cpe,7,570,0,0.2631578947368421,0.31180484684797927,0.22941808661231888
V3_sigma0,RandomForest,dominant_cpe,7,570,0,0.23859649122807017,0.2642680124770344,0.23740759041729917
V3_sigma0,MLP,dominant_cpe,7,570,0,0.2649122807017544,0.2539675505939212,0.1927212689751927
V3_sigma0,GradientBoosting,dominant_cpe,7,570,0,0.2543859649122807,0.2521653424556908,0.24553238614789086
V3_sigma001,LogisticRegression,dominant_cpe,7,570,0,0.2614035087719298,0.32384215679592765,0.22968428589778261
V3_sigma001,RandomForest,dominant_cpe,7,570,0,0.24035087719298245,0.27951663124238024,0.23659358993572313
V3_sigma001,MLP,dominant_cpe,7,570,0,0.2719298245614035,0.2435291475464908,0.19866771509174985
V3_sigma001,GradientBoosting,dominant_cpe,7,570,0,0.24561403508771928,0.26247391713226575,0.24457024969912272
V3_sigma010,LogisticRegression,dominant_cpe,7,570,0,0.27017543859649124,0.32080417607463974,0.24381716429919792
V3_sigma010,RandomForest,dominant_cpe,7,570,0,0.22105263157894736,0.26953750858511905,0.20961498481659308
V3_sigma010,MLP,dominant_cpe,7,570,0,0.28771929824561404,0.24410453242830335,0.20983086987565472
V3_sigma010,GradientBoosting,dominant_cpe,7,570,0,0.22982456140350876,0.23749521795019635,0.22706369052804593
V3_8D_sigma005,LogisticRegression,dominant_cpe,7,570,0,0.17017543859649123,0.2724322527292368,0.11064599483204134
V3_8D_sigma005,RandomForest,dominant_cpe,7,570,0,0.18596491228070175,0.269441575591616,0.15320480437814088
V3_8D_sigma005,MLP,dominant_cpe,7,570,0,0.27017543859649124,0.23923433096806998,0.15769912711402073
V3_8D_sigma005,GradientBoosting,dominant_cpe,7,570,0,0.23684210526315788,0.26675223980180035,0.23683717440795088
Majority,Baseline,dominant_rat,7,570,0,0.980701754385965,0.5,0.4951284322409212
StratifiedRandom,Baseline,dominant_rat,7,570,0,0.9736842105263158,0.4964221824686941,0.49333333333333335
RawPrivate,LogisticRegression,dominant_rat,7,570,0,0.980701754385965,0.9901610017889088,0.8283649503161699
RawPrivate,RandomForest,dominant_rat,7,570,0,0.9912280701754386,0.9509676370141487,0.6096163428001993
RawPrivate,MLP,dominant_rat,7,570,0,0.980701754385965,0.5,0.4951284322409212
RawPrivate,GradientBoosting,dominant_rat,7,570,0,0.9894736842105263,0.9500731826313222,0.8819223864107169
V1,LogisticRegression,dominant_rat,7,570,0,0.856140350877193,0.926654740608229,0.5661939411939412
V1,RandomForest,dominant_rat,7,570,0,0.980701754385965,0.589120182143438,0.6284444444444445
V1,MLP,dominant_rat,7,570,0,0.980701754385965,0.5,0.4951284322409212
V1,GradientBoosting,dominant_rat,7,570,0,0.9789473684210527,0.5436656366888925,0.5660999746257295
V2,LogisticRegression,dominant_rat,7,570,0,0.9070175438596492,0.9080338266384778,0.6121503126163486
V2,RandomForest,dominant_rat,7,570,0,0.9929824561403509,0.8181818181818181,0.887106357694593
V2,MLP,dominant_rat,7,570,0,0.980701754385965,0.5,0.4951284322409212
V2,GradientBoosting,dominant_rat,7,570,0,0.9894736842105263,0.7718328183444463,0.8306595365418894
V3_sigma005,LogisticRegression,dominant_rat,7,570,0,0.5596491228070175,0.7754919499105546,0.26559015763168015
V3_sigma005,RandomForest,dominant_rat,7,570,0,0.9701754385964912,0.6728736379899171,0.6523766816143498
V3_sigma005,MLP,dominant_rat,7,570,0,0.980701754385965,0.5,0.4951284322409212
V3_sigma005,GradientBoosting,dominant_rat,7,570,0,0.9789473684210527,0.6327858188323304,0.6613190730837789
PCA3,LogisticRegression,dominant_rat,7,570,0,0.3140350877192982,0.6502683363148479,0.25772104006314717
PCA3,RandomForest,dominant_rat,7,570,0,0.9192982456140351,0.7360546430313872,0.5821913442539359
PCA3,MLP,dominant_rat,7,570,0,0.980701754385965,0.5,0.4951284322409212
PCA3,GradientBoosting,dominant_rat,7,570,0,0.9175438596491228,0.7797202797202798,0.5929746729667725
RandomProjection3,LogisticRegression,dominant_rat,7,570,0,0.8,0.8980322003577818,0.5241094445746426
RandomProjection3,RandomForest,dominant_rat,7,570,0,0.9736842105263158,0.763782728899008,0.7154836777478286
RandomProjection3,MLP,dominant_rat,7,570,0,0.980701754385965,0.5,0.4951284322409212
RandomProjection3,GradientBoosting,dominant_rat,7,570,0,0.9789473684210527,0.6773459099040495,0.6946428571428571
V3_sigma0,LogisticRegression,dominant_rat,7,570,0,0.47719298245614034,0.7334525939177102,0.23631792896876336
V3_sigma0,RandomForest,dominant_rat,7,570,0,0.980701754385965,0.633680273215157,0.6715729925095595
V3_sigma0,MLP,dominant_rat,7,570,0,0.9789473684210527,0.4991055456171735,0.4946808510638298
V3_sigma0,GradientBoosting,dominant_rat,7,570,0,0.9771929824561404,0.587331273377785,0.6118589911476612
V3_sigma001,LogisticRegression,dominant_rat,7,570,0,0.47017543859649125,0.7298747763864043,0.2337768440709617
V3_sigma001,RandomForest,dominant_rat,7,570,0,0.9719298245614035,0.6292080013010246,0.6292080013010246
V3_sigma001,MLP,dominant_rat,7,570,0,0.980701754385965,0.5,0.4951284322409212
V3_sigma001,GradientBoosting,dominant_rat,7,570,0,0.9789473684210527,0.5882257277606114,0.6196619217081851
V3_sigma010,LogisticRegression,dominant_rat,7,570,0,0.5877192982456141,0.7898032200357782,0.2751761671070844
V3_sigma010,RandomForest,dominant_rat,7,570,0,0.956140350877193,0.7102780939990242,0.6315449256625727
V3_sigma010,MLP,dominant_rat,7,570,0,0.980701754385965,0.5,0.4951284322409212
V3_sigma010,GradientBoosting,dominant_rat,7,570,0,0.9736842105263158,0.630102455683851,0.6361547299885102
V3_8D_sigma005,LogisticRegression,dominant_rat,7,570,0,0.9157894736842105,0.8233859164091722,0.6026951672862453
V3_8D_sigma005,RandomForest,dominant_rat,7,570,0,0.980701754385965,0.8564807285737519,0.7913546970150744
V3_8D_sigma005,MLP,dominant_rat,7,570,0,0.9842105263157894,0.6354691819808098,0.696
V3_8D_sigma005,GradientBoosting,dominant_rat,7,570,0,0.9859649122807017,0.8146040006505122,0.8146040006505122
Majority,Baseline,dominant_cpe,11,570,0,0.3280701754385965,0.25,0.12351387054161163
StratifiedRandom,Baseline,dominant_cpe,11,570,0,0.26666666666666666,0.26081633453195385,0.2592110115162875
RawPrivate,LogisticRegression,dominant_cpe,11,570,0,0.16140350877192983,0.2627389876641661,0.09907871924270195
RawPrivate,RandomForest,dominant_cpe,11,570,0,0.23859649122807017,0.29517633503829316,0.23089158071768606
RawPrivate,MLP,dominant_cpe,11,570,0,0.2719298245614035,0.24108385058178988,0.22116536600026945
RawPrivate,GradientBoosting,dominant_cpe,11,570,0,0.2754385964912281,0.307306563303575,0.275721436677319
V1,LogisticRegression,dominant_cpe,11,570,0,0.1543859649122807,0.2570097771156784,0.08413500797748716
V1,RandomForest,dominant_cpe,11,570,0,0.23684210526315788,0.28717264602168024,0.21614146869138612
V1,MLP,dominant_cpe,11,570,0,0.23859649122807017,0.2993703020178348,0.17553063008646475
V1,GradientBoosting,dominant_cpe,11,570,0,0.25263157894736843,0.2733115043420334,0.248085635018933
V2,LogisticRegression,dominant_cpe,11,570,0,0.1456140350877193,0.23168326953531465,0.09609718166341018
V2,RandomForest,dominant_cpe,11,570,0,0.17192982456140352,0.2332181421886063,0.1517024374244863
V2,MLP,dominant_cpe,11,570,0,0.26666666666666666,0.24099933705534832,0.2369890121265671
V2,GradientBoosting,dominant_cpe,11,570,0,0.2543859649122807,0.26235550033664934,0.2495654228640441
V3_sigma005,LogisticRegression,dominant_cpe,11,570,0,0.18070175438596492,0.27772731834200637,0.1315851761682559
V3_sigma005,RandomForest,dominant_cpe,11,570,0,0.18771929824561404,0.197699929930087,0.17983163750630393
V3_sigma005,MLP,dominant_cpe,11,570,0,0.3192982456140351,0.2615788108482001,0.21778223982256986
V3_sigma005,GradientBoosting,dominant_cpe,11,570,0,0.24385964912280703,0.23612597097431903,0.2349291647463496
PCA3,LogisticRegression,dominant_cpe,11,570,0,0.156140350877193,0.25986593024809584,0.08437352595247331
PCA3,RandomForest,dominant_cpe,11,570,0,0.21403508771929824,0.2205229620307692,0.20438698417882983
PCA3,MLP,dominant_cpe,11,570,0,0.16666666666666666,0.19248438232015858,0.1317968581944195
PCA3,GradientBoosting,dominant_cpe,11,570,0,0.23508771929824562,0.22310664999366603,0.2088418384397761
RandomProjection3,LogisticRegression,dominant_cpe,11,570,0,0.19649122807017544,0.299123714134074,0.14076753547680734
RandomProjection3,RandomForest,dominant_cpe,11,570,0,0.21578947368421053,0.23589185217000336,0.18740415590091597
RandomProjection3,MLP,dominant_cpe,11,570,0,0.20526315789473684,0.2682659702627923,0.1768888666481601
RandomProjection3,GradientBoosting,dominant_cpe,11,570,0,0.2824561403508772,0.27461778246671287,0.2395756608172703
V3_sigma0,LogisticRegression,dominant_cpe,11,570,0,0.17894736842105263,0.2747152701492353,0.13072023231560398
V3_sigma0,RandomForest,dominant_cpe,11,570,0,0.21228070175438596,0.23844891312400918,0.20502694077286068
V3_sigma0,MLP,dominant_cpe,11,570,0,0.32456140350877194,0.2741635923020133,0.24802465288967523
V3_sigma0,GradientBoosting,dominant_cpe,11,570,0,0.2614035087719298,0.25390678356118235,0.2527492328403967
V3_sigma001,LogisticRegression,dominant_cpe,11,570,0,0.1824561403508772,0.27663618708051213,0.13682016416875178
V3_sigma001,RandomForest,dominant_cpe,11,570,0,0.21228070175438596,0.2377523650923733,0.20299652107671146
V3_sigma001,MLP,dominant_cpe,11,570,0,0.28771929824561404,0.2419696997581409,0.21857103143174852
V3_sigma001,GradientBoosting,dominant_cpe,11,570,0,0.23157894736842105,0.22581567588045354,0.2234405732188822
V3_sigma010,LogisticRegression,dominant_cpe,11,570,0,0.18070175438596492,0.2764635218974871,0.13320660033171178
V3_sigma010,RandomForest,dominant_cpe,11,570,0,0.19824561403508772,0.21579881452831476,0.18565037338161763
V3_sigma010,MLP,dominant_cpe,11,570,0,0.30350877192982456,0.2507244535157611,0.2126711795829443
V3_sigma010,GradientBoosting,dominant_cpe,11,570,0,0.2543859649122807,0.24556705285352354,0.2443309087379159
V3_8D_sigma005,LogisticRegression,dominant_cpe,11,570,0,0.15087719298245614,0.24608639001241256,0.0908179786181084
V3_8D_sigma005,RandomForest,dominant_cpe,11,570,0,0.21052631578947367,0.2663320870672571,0.19745894653205506
V3_8D_sigma005,MLP,dominant_cpe,11,570,0,0.3175438596491228,0.28216493744736354,0.276740819479393
V3_8D_sigma005,GradientBoosting,dominant_cpe,11,570,0,0.2736842105263158,0.2973011135266752,0.26573076356443026
Majority,Baseline,dominant_rat,11,570,0,0.980701754385965,0.5,0.4951284322409212
StratifiedRandom,Baseline,dominant_rat,11,570,0,0.9719298245614035,0.49552772808586765,0.4928825622775801
RawPrivate,LogisticRegression,dominant_rat,11,570,0,0.980701754385965,0.9901610017889088,0.8283649503161699
RawPrivate,RandomForest,dominant_rat,11,570,0,0.9894736842105263,0.9500731826313222,0.5982046678635548
RawPrivate,MLP,dominant_rat,11,570,0,0.980701754385965,0.5,0.4951284322409212
RawPrivate,GradientBoosting,dominant_rat,11,570,0,0.9894736842105263,0.9500731826313222,0.8819223864107169
V1,LogisticRegression,dominant_rat,11,570,0,0.856140350877193,0.926654740608229,0.5661939411939412
V1,RandomForest,dominant_rat,11,570,0,0.980701754385965,0.544560091071719,0.5720428639683298
V1,MLP,dominant_rat,11,570,0,0.9491228070175438,0.48389982110912344,0.3246324632463246
V1,GradientBoosting,dominant_rat,11,570,0,0.9789473684210527,0.5436656366888925,0.5660999746257295
V2,LogisticRegression,dominant_rat,11,570,0,0.9421052631578948,0.8813628232232884,0.49466089466089463
V2,RandomForest,dominant_rat,11,570,0,0.9894736842105263,0.8163929094161653,0.8473214285714286
V2,MLP,dominant_rat,11,570,0,0.980701754385965,0.5,0.4951284322409212
V2,GradientBoosting,dominant_rat,11,570,0,0.9859649122807017,0.7254838185070743,0.774212715389186
V3_sigma005,LogisticRegression,dominant_rat,11,570,0,0.5684210526315789,0.7799642218246869,0.26972540510360754
V3_sigma005,RandomForest,dominant_rat,11,570,0,0.9719298245614035,0.7628882745161815,0.7070914696813977
V3_sigma005,MLP,dominant_rat,11,570,0,0.980701754385965,0.5,0.4951284322409212
V3_sigma005,GradientBoosting,dominant_rat,11,570,0,0.9842105263157894,0.5909090909090909,0.6498532523377244
PCA3,LogisticRegression,dominant_rat,11,570,0,0.3140350877192982,0.6502683363148479,0.25772104006314717
PCA3,RandomForest,dominant_rat,11,570,0,0.9263157894736842,0.6950723694909742,0.5768523755656109
PCA3,MLP,dominant_rat,11,570,0,0.980701754385965,0.5,0.4951284322409212
PCA3,GradientBoosting,dominant_rat,11,570,0,0.9175438596491228,0.7797202797202798,0.5929746729667725
RandomProjection3,LogisticRegression,dominant_rat,11,570,0,0.8052631578947368,0.9007155635062611,0.527592566321464
RandomProjection3,RandomForest,dominant_rat,11,570,0,0.8912280701754386,0.9445438282647585,0.6015963203463204
RandomProjection3,MLP,dominant_rat,11,570,0,0.980701754385965,0.5,0.4951284322409212
RandomProjection3,GradientBoosting,dominant_rat,11,570,0,0.9666666666666667,0.893885184582859,0.7346303692631888
V3_sigma0,LogisticRegression,dominant_rat,11,570,0,0.6421052631578947,0.817531305903399,0.29597212091741637
V3_sigma0,RandomForest,dominant_rat,11,570,0,0.9719298245614035,0.8074483655879005,0.48944806875841357
V3_sigma0,MLP,dominant_rat,11,570,0,0.980701754385965,0.5,0.4951284322409212
V3_sigma0,GradientBoosting,dominant_rat,11,570,0,0.9736842105263158,0.763782728899008,0.7154836777478286
V3_sigma001,LogisticRegression,dominant_rat,11,570,0,0.6105263157894737,0.8014311270125223,0.28407738095238094
V3_sigma001,RandomForest,dominant_rat,11,570,0,0.9736842105263158,0.808342819970727,0.7346286352773208
V3_sigma001,MLP,dominant_rat,11,570,0,0.980701754385965,0.5,0.4951284322409212
V3_sigma001,GradientBoosting,dominant_rat,11,570,0,0.9789473684210527,0.6327858188323304,0.6613190730837789
V3_sigma010,LogisticRegression,dominant_rat,11,570,0,0.6070175438596491,0.7996422182468694,0.28345271569210984
V3_sigma010,RandomForest,dominant_rat,11,570,0,0.9736842105263158,0.763782728899008,0.7154836777478286
V3_sigma010,MLP,dominant_rat,11,570,0,0.980701754385965,0.5,0.4951284322409212
V3_sigma010,GradientBoosting,dominant_rat,11,570,0,0.9789473684210527,0.6327858188323304,0.6613190730837789
V3_8D_sigma005,LogisticRegression,dominant_rat,11,570,0,0.9315789473684211,0.9205561879980484,0.6514526725097602
V3_8D_sigma005,RandomForest,dominant_rat,11,570,0,0.9842105263157894,0.6800292730525288,0.7312869938714577
V3_8D_sigma005,MLP,dominant_rat,11,570,0,0.980701754385965,0.5,0.4951284322409212
V3_8D_sigma005,GradientBoosting,dominant_rat,11,570,0,0.9824561403508771,0.5900146365262644,0.6384166455214413
Majority,Baseline,dominant_cpe,19,570,0,0.3280701754385965,0.25,0.12351387054161163
StratifiedRandom,Baseline,dominant_cpe,19,570,0,0.2631578947368421,0.2565106193467522,0.25440004367289004
RawPrivate,LogisticRegression,dominant_cpe,19,570,0,0.16140350877192983,0.2627389876641661,0.09907871924270195
RawPrivate,RandomForest,dominant_cpe,19,570,0,0.24210526315789474,0.30098820453495057,0.23442452609000725
RawPrivate,MLP,dominant_cpe,19,570,0,0.25263157894736843,0.33057785091848657,0.22263564811675024
RawPrivate,GradientBoosting,dominant_cpe,19,570,0,0.2754385964912281,0.307306563303575,0.275721436677319
V1,LogisticRegression,dominant_cpe,19,570,0,0.1543859649122807,0.2570097771156784,0.08413500797748716
V1,RandomForest,dominant_cpe,19,570,0,0.25087719298245614,0.2975695380831098,0.23648746201724316
V1,MLP,dominant_cpe,19,570,0,0.30526315789473685,0.25637794202799824,0.1904168271082018
V1,GradientBoosting,dominant_cpe,19,570,0,0.25263157894736843,0.2733115043420334,0.248085635018933
V2,LogisticRegression,dominant_cpe,19,570,0,0.1631578947368421,0.2653396825044073,0.09909891834678404
V2,RandomForest,dominant_cpe,19,570,0,0.22280701754385965,0.2557417269788674,0.22003948640307136
V2,MLP,dominant_cpe,19,570,0,0.3017543859649123,0.26264518546272014,0.17814490555253282
V2,GradientBoosting,dominant_cpe,19,570,0,0.26666666666666666,0.2725102949612829,0.2585049816153715
V3_sigma005,LogisticRegression,dominant_cpe,19,570,0,0.16666666666666666,0.256782105930291,0.12152257853810901
V3_sigma005,RandomForest,dominant_cpe,19,570,0,0.22631578947368422,0.22897287047142367,0.22299226442310358
V3_sigma005,MLP,dominant_cpe,19,570,0,0.3368421052631579,0.2654692425533,0.18963046259639788
V3_sigma005,GradientBoosting,dominant_cpe,19,570,0,0.22982456140350876,0.22190795319240159,0.21978056151259154
PCA3,LogisticRegression,dominant_cpe,19,570,0,0.156140350877193,0.25986593024809584,0.08437352595247331
PCA3,RandomForest,dominant_cpe,19,570,0,0.22105263157894736,0.2245801637275363,0.21265643655844418
PCA3,MLP,dominant_cpe,19,570,0,0.23333333333333334,0.2220502269672348,0.20680026338123103
PCA3,GradientBoosting,dominant_cpe,19,570,0,0.23508771929824562,0.22310664999366603,0.2088418384397761
RandomProjection3,LogisticRegression,dominant_cpe,19,570,0,0.2578947368421053,0.2545511982138217,0.23807999192704227
RandomProjection3,RandomForest,dominant_cpe,19,570,0,0.24736842105263157,0.25344498567965684,0.246223657431545
RandomProjection3,MLP,dominant_cpe,19,570,0,0.3140350877192982,0.24983493464197848,0.18716533310570377
RandomProjection3,GradientBoosting,dominant_cpe,19,570,0,0.2631578947368421,0.25094177063011563,0.2487856547631685
V3_sigma0,LogisticRegression,dominant_cpe,19,570,0,0.17894736842105263,0.2713915659967383,0.1351639588481694
V3_sigma0,RandomForest,dominant_cpe,19,570,0,0.2,0.20282888057245135,0.19407840816422484
V3_sigma0,MLP,dominant_cpe,19,570,0,0.2596491228070175,0.23899482994085458,0.2235054943471577
V3_sigma0,GradientBoosting,dominant_cpe,19,570,0,0.25087719298245614,0.2342426664687608,0.2321003493853917
V3_sigma001,LogisticRegression,dominant_cpe,19,570,0,0.17543859649122806,0.2702667603289198,0.1275534993975588
V3_sigma001,RandomForest,dominant_cpe,19,570,0,0.20350877192982456,0.21231633480027579,0.19859018882076704
V3_sigma001,MLP,dominant_cpe,19,570,0,0.3368421052631579,0.2636381976958972,0.1817786852184465
V3_sigma001,GradientBoosting,dominant_cpe,19,570,0,0.22280701754385965,0.2037129146296426,0.20501880271280756
V3_sigma010,LogisticRegression,dominant_cpe,19,570,0,0.1736842105263158,0.25603643919582836,0.1372714474615328
V3_sigma010,RandomForest,dominant_cpe,19,570,0,0.21403508771929824,0.21823498065446,0.20661473318946838
V3_sigma010,MLP,dominant_cpe,19,570,0,0.3298245614035088,0.2602347072185963,0.18999361933716175
V3_sigma010,GradientBoosting,dominant_cpe,19,570,0,0.22631578947368422,0.21528687200704608,0.2131103016988855
V3_8D_sigma005,LogisticRegression,dominant_cpe,19,570,0,0.17192982456140352,0.26659772581037255,0.12165822349006492
V3_8D_sigma005,RandomForest,dominant_cpe,19,570,0,0.20877192982456141,0.22336326838373993,0.19138187643814053
V3_8D_sigma005,MLP,dominant_cpe,19,570,0,0.27017543859649124,0.23500459824925915,0.15836620515157707
V3_8D_sigma005,GradientBoosting,dominant_cpe,19,570,0,0.23684210526315788,0.24339028303894888,0.22558851517113568
Majority,Baseline,dominant_rat,19,570,0,0.980701754385965,0.5,0.4951284322409212
StratifiedRandom,Baseline,dominant_rat,19,570,0,0.9736842105263158,0.4964221824686941,0.49333333333333335
RawPrivate,LogisticRegression,dominant_rat,19,570,0,0.980701754385965,0.9901610017889088,0.8283649503161699
RawPrivate,RandomForest,dominant_rat,19,570,0,0.9894736842105263,0.9500731826313222,0.5982046678635548
RawPrivate,MLP,dominant_rat,19,570,0,0.980701754385965,0.5,0.4951284322409212
RawPrivate,GradientBoosting,dominant_rat,19,570,0,0.9894736842105263,0.9500731826313222,0.8819223864107169
V1,LogisticRegression,dominant_rat,19,570,0,0.856140350877193,0.926654740608229,0.5661939411939412
V1,RandomForest,dominant_rat,19,570,0,0.9789473684210527,0.4991055456171735,0.4946808510638298
V1,MLP,dominant_rat,19,570,0,0.980701754385965,0.5,0.4951284322409212
V1,GradientBoosting,dominant_rat,19,570,0,0.9789473684210527,0.5436656366888925,0.5660999746257295
V2,LogisticRegression,dominant_rat,19,570,0,0.6929824561403509,0.8434704830053668,0.4630485920838021
V2,RandomForest,dominant_rat,19,570,0,0.9754385964912281,0.8537973654252724,0.7603603603603604
V2,MLP,dominant_rat,19,570,0,0.9771929824561404,0.49821109123434704,0.3294883170659568
V2,GradientBoosting,dominant_rat,19,570,0,0.9824561403508771,0.8573751829565783,0.8032039773511945
V3_sigma005,LogisticRegression,dominant_rat,19,570,0,0.7578947368421053,0.8765652951699463,0.3395346544414867
V3_sigma005,RandomForest,dominant_rat,19,570,0,0.980701754385965,0.633680273215157,0.6715729925095595
V3_sigma005,MLP,dominant_rat,19,570,0,0.980701754385965,0.5,0.4951284322409212
V3_sigma005,GradientBoosting,dominant_rat,19,570,0,0.9754385964912281,0.5418767279232395,0.5562722419928825
PCA3,LogisticRegression,dominant_rat,19,570,0,0.3140350877192982,0.6502683363148479,0.25772104006314717
PCA3,RandomForest,dominant_rat,19,570,0,0.9280701754385965,0.6959668238738006,0.5792146059525739
PCA3,MLP,dominant_rat,19,570,0,0.980701754385965,0.5,0.4951284322409212
PCA3,GradientBoosting,dominant_rat,19,570,0,0.9175438596491228,0.7797202797202798,0.5929746729667725
RandomProjection3,LogisticRegression,dominant_rat,19,570,0,0.8421052631578947,0.9194991055456172,0.37333284389300836
RandomProjection3,RandomForest,dominant_rat,19,570,0,0.9719298245614035,0.8074483655879005,0.48944806875841357
RandomProjection3,MLP,dominant_rat,19,570,0,0.980701754385965,0.5,0.4951284322409212
RandomProjection3,GradientBoosting,dominant_rat,19,570,0,0.980701754385965,0.633680273215157,0.6715729925095595
V3_sigma0,LogisticRegression,dominant_rat,19,570,0,0.7842105263157895,0.8899821109123435,0.3507939698492462
V3_sigma0,RandomForest,dominant_rat,19,570,0,0.987719298245614,0.7709383639616197,0.8126672613737733
V3_sigma0,MLP,dominant_rat,19,570,0,0.980701754385965,0.5,0.4951284322409212
V3_sigma0,GradientBoosting,dominant_rat,19,570,0,0.9771929824561404,0.542771182306066,0.5608888888888889
V3_sigma001,LogisticRegression,dominant_rat,19,570,0,0.7508771929824561,0.8729874776386404,0.3361181168558218
V3_sigma001,RandomForest,dominant_rat,19,570,0,0.9824561403508771,0.6345747275979834,0.6830516014234875
V3_sigma001,MLP,dominant_rat,19,570,0,0.980701754385965,0.5,0.4951284322409212
V3_sigma001,GradientBoosting,dominant_rat,19,570,0,0.9842105263157894,0.5909090909090909,0.6498532523377244
V3_sigma010,LogisticRegression,dominant_rat,19,570,0,0.7421052631578947,0.868515205724508,0.33241944313005073
V3_sigma010,RandomForest,dominant_rat,19,570,0,0.9842105263157894,0.8582696373394048,0.8159641255605381
V3_sigma010,MLP,dominant_rat,19,570,0,0.980701754385965,0.5,0.4951284322409212
V3_sigma010,GradientBoosting,dominant_rat,19,570,0,0.980701754385965,0.589120182143438,0.6284444444444445
V3_8D_sigma005,LogisticRegression,dominant_rat,19,570,0,0.9070175438596492,0.9525939177101967,0.6217840375586854
V3_8D_sigma005,RandomForest,dominant_rat,19,570,0,0.9842105263157894,0.8137095462676858,0.8003191779222296
V3_8D_sigma005,MLP,dominant_rat,19,570,0,0.980701754385965,0.5,0.4951284322409212
V3_8D_sigma005,GradientBoosting,dominant_rat,19,570,0,0.9789473684210527,0.6773459099040495,0.6946428571428571
Majority,Baseline,dominant_cpe,23,570,0,0.3280701754385965,0.25,0.12351387054161163
StratifiedRandom,Baseline,dominant_cpe,23,570,0,0.2929824561403509,0.28565015563778695,0.28359032379013216
RawPrivate,LogisticRegression,dominant_cpe,23,570,0,0.16140350877192983,0.2627389876641661,0.09907871924270195
RawPrivate,RandomForest,dominant_cpe,23,570,0,0.23508771929824562,0.2950733625391794,0.22618009389418187
RawPrivate,MLP,dominant_cpe,23,570,0,0.21929824561403508,0.2259550691400985,0.17931506129117378
RawPrivate,GradientBoosting,dominant_cpe,23,570,0,0.2754385964912281,0.307306563303575,0.275721436677319
V1,LogisticRegression,dominant_cpe,23,570,0,0.1543859649122807,0.2570097771156784,0.08413500797748716
V1,RandomForest,dominant_cpe,23,570,0,0.23508771929824562,0.28561002572071204,0.21758519822149247
V1,MLP,dominant_cpe,23,570,0,0.22105263157894736,0.26223717824290216,0.200821798407049
V1,GradientBoosting,dominant_cpe,23,570,0,0.25263157894736843,0.2733115043420334,0.248085635018933
V2,LogisticRegression,dominant_cpe,23,570,0,0.16666666666666666,0.2542378770795623,0.11941817959175723
V2,RandomForest,dominant_cpe,23,570,0,0.24210526315789474,0.29480534046568885,0.2264477019555287
V2,MLP,dominant_cpe,23,570,0,0.3280701754385965,0.2726905836447789,0.23728491165665966
V2,GradientBoosting,dominant_cpe,23,570,0,0.26842105263157895,0.2864456039881609,0.2590109424062186
V3_sigma005,LogisticRegression,dominant_cpe,23,570,0,0.17192982456140352,0.24703383486285796,0.14187737208850182
V3_sigma005,RandomForest,dominant_cpe,23,570,0,0.18771929824561404,0.20008512277513346,0.1814156548191912
V3_sigma005,MLP,dominant_cpe,23,570,0,0.312280701754386,0.2520466731217565,0.19540564335467797
V3_sigma005,GradientBoosting,dominant_cpe,23,570,0,0.24736842105263157,0.23371484560075567,0.23213904082167555
PCA3,LogisticRegression,dominant_cpe,23,570,0,0.156140350877193,0.25986593024809584,0.08437352595247331
PCA3,RandomForest,dominant_cpe,23,570,0,0.22807017543859648,0.26313206355593965,0.21655319026316516
PCA3,MLP,dominant_cpe,23,570,0,0.24210526315789474,0.2666002827608411,0.24053860613150402
PCA3,GradientBoosting,dominant_cpe,23,570,0,0.23508771929824562,0.22310664999366603,0.2088418384397761
RandomProjection3,LogisticRegression,dominant_cpe,23,570,0,0.20877192982456141,0.28153131880781335,0.17789492191979578
RandomProjection3,RandomForest,dominant_cpe,23,570,0,0.28421052631578947,0.2634589744084298,0.2548786987906186
RandomProjection3,MLP,dominant_cpe,23,570,0,0.3280701754385965,0.2856567374176966,0.26065442719959253
RandomProjection3,GradientBoosting,dominant_cpe,23,570,0,0.2789473684210526,0.25004034299628064,0.24385843852715108
V3_sigma0,LogisticRegression,dominant_cpe,23,570,0,0.18421052631578946,0.2561204239701669,0.15800651568599236
V3_sigma0,RandomForest,dominant_cpe,23,570,0,0.21578947368421053,0.23236259761040035,0.2102812561900398
V3_sigma0,MLP,dominant_cpe,23,570,0,0.2754385964912281,0.24550497577826078,0.230718750686617
V3_sigma0,GradientBoosting,dominant_cpe,23,570,0,0.2578947368421053,0.2405823568334233,0.23576354829041213
V3_sigma001,LogisticRegression,dominant_cpe,23,570,0,0.17719298245614035,0.25875346739056354,0.14297700740835495
V3_sigma001,RandomForest,dominant_cpe,23,570,0,0.21578947368421053,0.23341416716603486,0.212735634479227
V3_sigma001,MLP,dominant_cpe,23,570,0,0.30701754385964913,0.26437744837872135,0.24382684254869225
V3_sigma001,GradientBoosting,dominant_cpe,23,570,0,0.2631578947368421,0.25066967637624943,0.24849738781777617
V3_sigma010,LogisticRegression,dominant_cpe,23,570,0,0.16666666666666666,0.23972917191012502,0.13718487901282175
V3_sigma010,RandomForest,dominant_cpe,23,570,0,0.22280701754385965,0.22948759091418902,0.21094867285459573
V3_sigma010,MLP,dominant_cpe,23,570,0,0.3175438596491228,0.2594477583609834,0.21505539557488257
V3_sigma010,GradientBoosting,dominant_cpe,23,570,0,0.21228070175438596,0.2131233288868701,0.2048164417926881
V3_8D_sigma005,LogisticRegression,dominant_cpe,23,570,0,0.17192982456140352,0.2714537851248049,0.1150036284506052
V3_8D_sigma005,RandomForest,dominant_cpe,23,570,0,0.15964912280701754,0.21697636913727955,0.13756418783238458
V3_8D_sigma005,MLP,dominant_cpe,23,570,0,0.19649122807017544,0.2142033168950881,0.17240345540796823
V3_8D_sigma005,GradientBoosting,dominant_cpe,23,570,0,0.25263157894736843,0.2433579344587935,0.23948175736131525
Majority,Baseline,dominant_rat,23,570,0,0.980701754385965,0.5,0.4951284322409212
StratifiedRandom,Baseline,dominant_rat,23,570,0,0.9771929824561404,0.49821109123434704,0.49423247559893524
RawPrivate,LogisticRegression,dominant_rat,23,570,0,0.980701754385965,0.9901610017889088,0.8283649503161699
RawPrivate,RandomForest,dominant_rat,23,570,0,0.9912280701754386,0.9509676370141487,0.6096163428001993
RawPrivate,MLP,dominant_rat,23,570,0,0.980701754385965,0.5,0.4951284322409212
RawPrivate,GradientBoosting,dominant_rat,23,570,0,0.9894736842105263,0.9500731826313222,0.8819223864107169
V1,LogisticRegression,dominant_rat,23,570,0,0.856140350877193,0.926654740608229,0.5661939411939412
V1,RandomForest,dominant_rat,23,570,0,0.9754385964912281,0.5418767279232395,0.37362593910636616
V1,MLP,dominant_rat,23,570,0,0.980701754385965,0.5,0.4951284322409212
V1,GradientBoosting,dominant_rat,23,570,0,0.9789473684210527,0.5436656366888925,0.5660999746257295
V2,LogisticRegression,dominant_rat,23,570,0,0.8807017543859649,0.8500569198243617,0.5723930982745686
V2,RandomForest,dominant_rat,23,570,0,0.9859649122807017,0.6809237274353553,0.74644128113879
V2,MLP,dominant_rat,23,570,0,0.9403508771929825,0.47942754919499103,0.323086196503918
V2,GradientBoosting,dominant_rat,23,570,0,0.980701754385965,0.589120182143438,0.6284444444444445
V3_sigma005,LogisticRegression,dominant_rat,23,570,0,0.6807017543859649,0.8372093023255813,0.31042328042328043
V3_sigma005,RandomForest,dominant_rat,23,570,0,0.9842105263157894,0.7691494551959668,0.7816928379931061
V3_sigma005,MLP,dominant_rat,23,570,0,0.980701754385965,0.5,0.4951284322409212
V3_sigma005,GradientBoosting,dominant_rat,23,570,0,0.9824561403508771,0.6345747275979834,0.6830516014234875
PCA3,LogisticRegression,dominant_rat,23,570,0,0.3140350877192982,0.6502683363148479,0.25772104006314717
PCA3,RandomForest,dominant_rat,23,570,0,0.9175438596491228,0.6906000975768417,0.5660203139427515
PCA3,MLP,dominant_rat,23,570,0,0.980701754385965,0.5,0.4951284322409212
PCA3,GradientBoosting,dominant_rat,23,570,0,0.9175438596491228,0.7797202797202798,0.5929746729667725
RandomProjection3,LogisticRegression,dominant_rat,23,570,0,0.7052631578947368,0.8497316636851521,0.3136016511867905
RandomProjection3,RandomForest,dominant_rat,23,570,0,0.8771929824561403,0.8037079199869898,0.5598164246944088
RandomProjection3,MLP,dominant_rat,23,570,0,0.980701754385965,0.5,0.33067139899438036
RandomProjection3,GradientBoosting,dominant_rat,23,570,0,0.9280701754385965,0.7850870060172386,0.6083787180561374
V3_sigma0,LogisticRegression,dominant_rat,23,570,0,0.7105263157894737,0.8524150268336315,0.31953302209851026
V3_sigma0,RandomForest,dominant_rat,23,570,0,0.9771929824561404,0.8546918198080988,0.7700114839070114
V3_sigma0,MLP,dominant_rat,23,570,0,0.980701754385965,0.5,0.4951284322409212
V3_sigma0,GradientBoosting,dominant_rat,23,570,0,0.980701754385965,0.7228004553585949,0.7331801353249074
V3_sigma001,LogisticRegression,dominant_rat,23,570,0,0.6754385964912281,0.834525939177102,0.30687793903227983
V3_sigma001,RandomForest,dominant_rat,23,570,0,0.9824561403508771,0.7236949097414214,0.7455357142857143
V3_sigma001,MLP,dominant_rat,23,570,0,0.980701754385965,0.5,0.4951284322409212
V3_sigma001,GradientBoosting,dominant_rat,23,570,0,0.9736842105263158,0.5409822735404131,0.5521449897857629
V3_sigma010,LogisticRegression,dominant_rat,23,570,0,0.7175438596491228,0.8559928443649374,0.32280396598237676
V3_sigma010,RandomForest,dominant_rat,23,570,0,0.968421052631579,0.8056594568222475,0.47845580528706183
V3_sigma010,MLP,dominant_rat,23,570,0,0.980701754385965,0.5,0.4951284322409212
V3_sigma010,GradientBoosting,dominant_rat,23,570,0,0.980701754385965,0.633680273215157,0.6715729925095595
V3_8D_sigma005,LogisticRegression,dominant_rat,23,570,0,0.7859649122807018,0.89087656529517,0.5151439089692103
V3_8D_sigma005,RandomForest,dominant_rat,23,570,0,0.9754385964912281,0.6309969100666775,0.64375
V3_8D_sigma005,MLP,dominant_rat,23,570,0,0.9701754385964912,0.49463327370304117,0.32828732561590973
V3_8D_sigma005,GradientBoosting,dominant_rat,23,570,0,0.9719298245614035,0.49552772808586765,0.4928825622775801
Majority,Baseline,dominant_cpe,31,570,0,0.3280701754385965,0.25,0.12351387054161163
StratifiedRandom,Baseline,dominant_cpe,31,570,0,0.25087719298245614,0.23839182368052436,0.2382912164273468
RawPrivate,LogisticRegression,dominant_cpe,31,570,0,0.16140350877192983,0.2627389876641661,0.09907871924270195
RawPrivate,RandomForest,dominant_cpe,31,570,0,0.23508771929824562,0.295229257599533,0.22577514978381746
RawPrivate,MLP,dominant_cpe,31,570,0,0.24385964912280703,0.30774119753228396,0.21932047533853793
RawPrivate,GradientBoosting,dominant_cpe,31,570,0,0.2754385964912281,0.307306563303575,0.275721436677319
V1,LogisticRegression,dominant_cpe,31,570,0,0.1543859649122807,0.2570097771156784,0.08413500797748716
V1,RandomForest,dominant_cpe,31,570,0,0.24385964912280703,0.29071893113409497,0.23133581706713546
V1,MLP,dominant_cpe,31,570,0,0.20350877192982456,0.24728500000363024,0.19715302827388229
V1,GradientBoosting,dominant_cpe,31,570,0,0.25263157894736843,0.2733115043420334,0.248085635018933
V2,LogisticRegression,dominant_cpe,31,570,0,0.14912280701754385,0.245346476416504,0.08647696044516211
V2,RandomForest,dominant_cpe,31,570,0,0.18421052631578946,0.22611052225839587,0.1797531312674065
V2,MLP,dominant_cpe,31,570,0,0.2807017543859649,0.24639344503965974,0.20004446260591102
V2,GradientBoosting,dominant_cpe,31,570,0,0.24736842105263157,0.2464830408997486,0.22661606111344185
V3_sigma005,LogisticRegression,dominant_cpe,31,570,0,0.19649122807017544,0.28949766372067043,0.1513800183202249
V3_sigma005,RandomForest,dominant_cpe,31,570,0,0.22807017543859648,0.2757375452599963,0.21859965265405745
V3_sigma005,MLP,dominant_cpe,31,570,0,0.2771929824561403,0.2635231664921048,0.21231534520587322
V3_sigma005,GradientBoosting,dominant_cpe,31,570,0,0.256140350877193,0.26937077016074157,0.2516076750334837
PCA3,LogisticRegression,dominant_cpe,31,570,0,0.156140350877193,0.25986593024809584,0.08437352595247331
PCA3,RandomForest,dominant_cpe,31,570,0,0.23333333333333334,0.23014706316403177,0.22141475981612707
PCA3,MLP,dominant_cpe,31,570,0,0.21754385964912282,0.2306711985509604,0.20410309843072477
PCA3,GradientBoosting,dominant_cpe,31,570,0,0.23508771929824562,0.22310664999366603,0.2088418384397761
RandomProjection3,LogisticRegression,dominant_cpe,31,570,0,0.15263157894736842,0.252733932478388,0.0854781997360747
RandomProjection3,RandomForest,dominant_cpe,31,570,0,0.22105263157894736,0.29396099438351625,0.20487283207492385
RandomProjection3,MLP,dominant_cpe,31,570,0,0.2719298245614035,0.2503144102057553,0.16797203684175413
RandomProjection3,GradientBoosting,dominant_cpe,31,570,0,0.23508771929824562,0.2635842965486756,0.23662570819998513
V3_sigma0,LogisticRegression,dominant_cpe,31,570,0,0.18421052631578946,0.2813630809371735,0.13316881202028802
V3_sigma0,RandomForest,dominant_cpe,31,570,0,0.23157894736842105,0.28721154481445554,0.21365467622199202
V3_sigma0,MLP,dominant_cpe,31,570,0,0.2631578947368421,0.3190722998579377,0.24090369365696443
V3_sigma0,GradientBoosting,dominant_cpe,31,570,0,0.2596491228070175,0.2762342092130335,0.26071812247272086
V3_sigma001,LogisticRegression,dominant_cpe,31,570,0,0.18947368421052632,0.2847204594959948,0.14407877040035633
V3_sigma001,RandomForest,dominant_cpe,31,570,0,0.21754385964912282,0.2512169742620207,0.20584779486098592
V3_sigma001,MLP,dominant_cpe,31,570,0,0.28596491228070176,0.27174040822377143,0.21506962400947474
V3_sigma001,GradientBoosting,dominant_cpe,31,570,0,0.24736842105263157,0.259863531134076,0.2452786408989502
V3_sigma010,LogisticRegression,dominant_cpe,31,570,0,0.18771929824561404,0.28155251624287003,0.14419001128391307
V3_sigma010,RandomForest,dominant_cpe,31,570,0,0.21052631578947367,0.25657673703510103,0.19935891350069068
V3_sigma010,MLP,dominant_cpe,31,570,0,0.2771929824561403,0.26271395480340665,0.20238711566699336
V3_sigma010,GradientBoosting,dominant_cpe,31,570,0,0.25087719298245614,0.234584192976398,0.233172082927753
V3_8D_sigma005,LogisticRegression,dominant_cpe,31,570,0,0.2,0.2925098460744229,0.1480357259397842
V3_8D_sigma005,RandomForest,dominant_cpe,31,570,0,0.19649122807017544,0.2079766847786096,0.18678712168363104
V3_8D_sigma005,MLP,dominant_cpe,31,570,0,0.20877192982456141,0.23264425675305617,0.17767475040190803
V3_8D_sigma005,GradientBoosting,dominant_cpe,31,570,0,0.27017543859649124,0.2644029784242941,0.25247402634247074
Majority,Baseline,dominant_rat,31,570,0,0.980701754385965,0.5,0.4951284322409212
StratifiedRandom,Baseline,dominant_rat,31,570,0,0.9649122807017544,0.4919499105545617,0.3273809523809524
RawPrivate,LogisticRegression,dominant_rat,31,570,0,0.980701754385965,0.9901610017889088,0.8283649503161699
RawPrivate,RandomForest,dominant_rat,31,570,0,0.9912280701754386,0.9509676370141487,0.6096163428001993
RawPrivate,MLP,dominant_rat,31,570,0,0.980701754385965,0.5,0.4951284322409212
RawPrivate,GradientBoosting,dominant_rat,31,570,0,0.9894736842105263,0.9500731826313222,0.8819223864107169
V1,LogisticRegression,dominant_rat,31,570,0,0.856140350877193,0.926654740608229,0.5661939411939412
V1,RandomForest,dominant_rat,31,570,0,0.9789473684210527,0.4991055456171735,0.4946808510638298
V1,MLP,dominant_rat,31,570,0,0.980701754385965,0.5,0.4951284322409212
V1,GradientBoosting,dominant_rat,31,570,0,0.9789473684210527,0.5436656366888925,0.5660999746257295
V2,LogisticRegression,dominant_rat,31,570,0,0.8649122807017544,0.9311270125223614,0.5741274415626001
V2,RandomForest,dominant_rat,31,570,0,0.9754385964912281,0.9874776386404294,0.7992149758454107
V2,MLP,dominant_rat,31,570,0,0.9754385964912281,0.49731663685152055,0.4937833037300178
V2,GradientBoosting,dominant_rat,31,570,0,0.987719298245614,0.9937388193202147,0.876160029796083
V3_sigma005,LogisticRegression,dominant_rat,31,570,0,0.6666666666666666,0.8300536672629696,0.30212324393358875
V3_sigma005,RandomForest,dominant_rat,31,570,0,0.9754385964912281,0.7646771832818344,0.7244855682916724
V3_sigma005,MLP,dominant_rat,31,570,0,0.980701754385965,0.5,0.4951284322409212
V3_sigma005,GradientBoosting,dominant_rat,31,570,0,0.9754385964912281,0.5864368189949586,0.6048722519310754
PCA3,LogisticRegression,dominant_rat,31,570,0,0.3140350877192982,0.6502683363148479,0.25772104006314717
PCA3,RandomForest,dominant_rat,31,570,0,0.9192982456140351,0.6914945519596682,0.5680680021085925
PCA3,MLP,dominant_rat,31,570,0,0.980701754385965,0.5,0.4951284322409212
PCA3,GradientBoosting,dominant_rat,31,570,0,0.9175438596491228,0.7797202797202798,0.5929746729667725
RandomProjection3,LogisticRegression,dominant_rat,31,570,0,0.8578947368421053,0.8829891039193365,0.3857781803770594
RandomProjection3,RandomForest,dominant_rat,31,570,0,0.9842105263157894,0.8582696373394048,0.8159641255605381
RandomProjection3,MLP,dominant_rat,31,570,0,0.980701754385965,0.5,0.4951284322409212
RandomProjection3,GradientBoosting,dominant_rat,31,570,0,0.987719298245614,0.7263782728899008,0.7910009952333561
V3_sigma0,LogisticRegression,dominant_rat,31,570,0,0.6894736842105263,0.8416815742397138,0.3107069369678035
V3_sigma0,RandomForest,dominant_rat,31,570,0,0.9842105263157894,0.8137095462676858,0.8003191779222296
V3_sigma0,MLP,dominant_rat,31,570,0,0.980701754385965,0.5,0.4951284322409212
V3_sigma0,GradientBoosting,dominant_rat,31,570,0,0.9824561403508771,0.6345747275979834,0.6830516014234875
V3_sigma001,LogisticRegression,dominant_rat,31,570,0,0.7228070175438597,0.8586762075134169,0.3223843978709248
V3_sigma001,RandomForest,dominant_rat,31,570,0,0.9789473684210527,0.6773459099040495,0.6946428571428571
V3_sigma001,MLP,dominant_rat,31,570,0,0.980701754385965,0.5,0.4951284322409212
V3_sigma001,GradientBoosting,dominant_rat,31,570,0,0.980701754385965,0.7673605464303139,0.7559456619049473
V3_sigma010,LogisticRegression,dominant_rat,31,570,0,0.7701754385964912,0.8828264758497317,0.3414724755150287
V3_sigma010,RandomForest,dominant_rat,31,570,0,0.980701754385965,0.7673605464303139,0.7559456619049473
V3_sigma010,MLP,dominant_rat,31,570,0,0.980701754385965,0.5,0.4951284322409212
V3_sigma010,GradientBoosting,dominant_rat,31,570,0,0.9824561403508771,0.8128150918848593,0.7871863799283154
V3_8D_sigma005,LogisticRegression,dominant_rat,31,570,0,0.9473684210526315,0.7058058220848918,0.40971250971250966
V3_8D_sigma005,RandomForest,dominant_rat,31,570,0,0.980701754385965,0.589120182143438,0.6284444444444445
V3_8D_sigma005,MLP,dominant_rat,31,570,0,0.980701754385965,0.5,0.4951284322409212
V3_8D_sigma005,GradientBoosting,dominant_rat,31,570,0,0.9842105263157894,0.6800292730525288,0.7312869938714577
Majority,Baseline,dominant_cpe,42,570,0,0.3280701754385965,0.25,0.12351387054161163
StratifiedRandom,Baseline,dominant_cpe,42,570,0,0.2719298245614035,0.2526868814330388,0.25309745364487846
RawPrivate,LogisticRegression,dominant_cpe,42,570,0,0.16140350877192983,0.2627389876641661,0.09907871924270195
RawPrivate,RandomForest,dominant_cpe,42,570,0,0.22807017543859648,0.28506844151438265,0.21939213689278772
RawPrivate,MLP,dominant_cpe,42,570,0,0.25263157894736843,0.31776093150778856,0.19835915642914437
RawPrivate,GradientBoosting,dominant_cpe,42,570,0,0.2754385964912281,0.307306563303575,0.275721436677319
V1,LogisticRegression,dominant_cpe,42,570,0,0.1543859649122807,0.2570097771156784,0.08413500797748716
V1,RandomForest,dominant_cpe,42,570,0,0.23684210526315788,0.28515911066232247,0.2240436977959029
V1,MLP,dominant_cpe,42,570,0,0.22456140350877193,0.24843078213547726,0.2144157893050111
V1,GradientBoosting,dominant_cpe,42,570,0,0.25263157894736843,0.2733115043420334,0.248085635018933
V2,LogisticRegression,dominant_cpe,42,570,0,0.15789473684210525,0.26208186717740856,0.08822217877384492
V2,RandomForest,dominant_cpe,42,570,0,0.17543859649122806,0.23685704572910193,0.1549506814973961
V2,MLP,dominant_cpe,42,570,0,0.2736842105263158,0.2463639769746926,0.12510351966873706
V2,GradientBoosting,dominant_cpe,42,570,0,0.2543859649122807,0.2577842411102014,0.2488228168269383
V3_sigma005,LogisticRegression,dominant_cpe,42,570,0,0.24561403508771928,0.2539635178726576,0.17798373382620564
V3_sigma005,RandomForest,dominant_cpe,42,570,0,0.2596491228070175,0.24561436432901312,0.21168754617309016
V3_sigma005,MLP,dominant_cpe,42,570,0,0.32456140350877194,0.2539681188051364,0.17237012675244862
V3_sigma005,GradientBoosting,dominant_cpe,42,570,0,0.26666666666666666,0.24744933931398785,0.23839885657898977
PCA3,LogisticRegression,dominant_cpe,42,570,0,0.156140350877193,0.25986593024809584,0.08437352595247331
PCA3,RandomForest,dominant_cpe,42,570,0,0.22631578947368422,0.22712793600653772,0.21329905001613994
PCA3,MLP,dominant_cpe,42,570,0,0.2596491228070175,0.226724592853778,0.2104010918346134
PCA3,GradientBoosting,dominant_cpe,42,570,0,0.23508771929824562,0.22310664999366603,0.2088418384397761
RandomProjection3,LogisticRegression,dominant_cpe,42,570,0,0.15087719298245614,0.2484580878410976,0.08704277672533069
RandomProjection3,RandomForest,dominant_cpe,42,570,0,0.19298245614035087,0.2562768477826236,0.1770955599424499
RandomProjection3,MLP,dominant_cpe,42,570,0,0.21403508771929824,0.2699105865988458,0.18685422067135551
RandomProjection3,GradientBoosting,dominant_cpe,42,570,0,0.22807017543859648,0.23257233857521858,0.22158347885643156
V3_sigma0,LogisticRegression,dominant_cpe,42,570,0,0.18596491228070175,0.2801326905770156,0.1417176036123089
V3_sigma0,RandomForest,dominant_cpe,42,570,0,0.23333333333333334,0.23719679657669157,0.22237190863266848
V3_sigma0,MLP,dominant_cpe,42,570,0,0.3017543859649123,0.27179583249272277,0.23892751045491634
V3_sigma0,GradientBoosting,dominant_cpe,42,570,0,0.256140350877193,0.25426547478261263,0.24397279844519942
V3_sigma001,LogisticRegression,dominant_cpe,42,570,0,0.23508771929824562,0.2602376745438314,0.2213675469252227
V3_sigma001,RandomForest,dominant_cpe,42,570,0,0.22456140350877193,0.21214198865907236,0.199510260955834
V3_sigma001,MLP,dominant_cpe,42,570,0,0.3,0.2547410438942848,0.22595179741605148
V3_sigma001,GradientBoosting,dominant_cpe,42,570,0,0.25263157894736843,0.2306131936560733,0.22908845890285656
V3_sigma010,LogisticRegression,dominant_cpe,42,570,0,0.17894736842105263,0.2764467517748156,0.13003318428112387
V3_sigma010,RandomForest,dominant_cpe,42,570,0,0.21754385964912282,0.21903450118520967,0.2090989889490838
V3_sigma010,MLP,dominant_cpe,42,570,0,0.2982456140350877,0.25641959506680284,0.24552999642309437
V3_sigma010,GradientBoosting,dominant_cpe,42,570,0,0.2614035087719298,0.24264920934514256,0.236323904781659
V3_8D_sigma005,LogisticRegression,dominant_cpe,42,570,0,0.1824561403508772,0.2725163716645568,0.14072821878151182
V3_8D_sigma005,RandomForest,dominant_cpe,42,570,0,0.20350877192982456,0.27883039782266517,0.1778839517969953
V3_8D_sigma005,MLP,dominant_cpe,42,570,0,0.2649122807017544,0.23840219353520214,0.12148033126293994
V3_8D_sigma005,GradientBoosting,dominant_cpe,42,570,0,0.23508771929824562,0.2664602344799341,0.22907487589292574
Majority,Baseline,dominant_rat,42,570,0,0.980701754385965,0.5,0.4951284322409212
StratifiedRandom,Baseline,dominant_rat,42,570,0,0.9736842105263158,0.4964221824686941,0.49333333333333335
RawPrivate,LogisticRegression,dominant_rat,42,570,0,0.980701754385965,0.9901610017889088,0.8283649503161699
RawPrivate,RandomForest,dominant_rat,42,570,0,0.9912280701754386,0.9509676370141487,0.6096163428001993
RawPrivate,MLP,dominant_rat,42,570,0,0.980701754385965,0.5,0.4951284322409212
RawPrivate,GradientBoosting,dominant_rat,42,570,0,0.9894736842105263,0.9500731826313222,0.8819223864107169
V1,LogisticRegression,dominant_rat,42,570,0,0.856140350877193,0.926654740608229,0.5661939411939412
V1,RandomForest,dominant_rat,42,570,0,0.9824561403508771,0.5900146365262644,0.6384166455214413
V1,MLP,dominant_rat,42,570,0,0.980701754385965,0.5,0.4951284322409212
V1,GradientBoosting,dominant_rat,42,570,0,0.9789473684210527,0.5436656366888925,0.5660999746257295
V2,LogisticRegression,dominant_rat,42,570,0,0.9859649122807017,0.9037241827939503,0.8425631818809556
V2,RandomForest,dominant_rat,42,570,0,0.9842105263157894,0.5909090909090909,0.6498532523377244
V2,MLP,dominant_rat,42,570,0,0.980701754385965,0.5,0.4951284322409212
V2,GradientBoosting,dominant_rat,42,570,0,0.9789473684210527,0.4991055456171735,0.4946808510638298
V3_sigma005,LogisticRegression,dominant_rat,42,570,0,0.39473684210526316,0.6914132379248659,0.3068162190552397
V3_sigma005,RandomForest,dominant_rat,42,570,0,0.9456140350877194,0.7049113677020654,0.6078474888479549
V3_sigma005,MLP,dominant_rat,42,570,0,0.980701754385965,0.5,0.4951284322409212
V3_sigma005,GradientBoosting,dominant_rat,42,570,0,0.9543859649122807,0.5311432753293218,0.5240236382322714
PCA3,LogisticRegression,dominant_rat,42,570,0,0.3140350877192982,0.6502683363148479,0.25772104006314717
PCA3,RandomForest,dominant_rat,42,570,0,0.9157894736842105,0.6897056431940153,0.5640257505258461
PCA3,MLP,dominant_rat,42,570,0,0.980701754385965,0.5,0.4951284322409212
PCA3,GradientBoosting,dominant_rat,42,570,0,0.9175438596491228,0.7797202797202798,0.5929746729667725
RandomProjection3,LogisticRegression,dominant_rat,42,570,0,0.9526315789473684,0.9758497316636852,0.712115827082437
RandomProjection3,RandomForest,dominant_rat,42,570,0,0.9912280701754386,0.7727272727272727,0.8507149965952543
RandomProjection3,MLP,dominant_rat,42,570,0,0.980701754385965,0.5,0.4951284322409212
RandomProjection3,GradientBoosting,dominant_rat,42,570,0,0.987719298245614,0.6818181818181819,0.7635555555555555
V3_sigma0,LogisticRegression,dominant_rat,42,570,0,0.36140350877192984,0.6744186046511628,0.19289796442560844
V3_sigma0,RandomForest,dominant_rat,42,570,0,0.9052631578947369,0.9071393722556513,0.6098068049287562
V3_sigma0,MLP,dominant_rat,42,570,0,0.980701754385965,0.5,0.4951284322409212
V3_sigma0,GradientBoosting,dominant_rat,42,570,0,0.9631578947368421,0.8029760936737681,0.6904977375565611
V3_sigma001,LogisticRegression,dominant_rat,42,570,0,0.519298245614035,0.7549194991055457,0.25023263866346385
V3_sigma001,RandomForest,dominant_rat,42,570,0,0.9719298245614035,0.6737680923727436,0.6594982078853047
V3_sigma001,MLP,dominant_rat,42,570,0,0.980701754385965,0.5,0.4951284322409212
V3_sigma001,GradientBoosting,dominant_rat,42,570,0,0.968421052631579,0.6719791836070905,0.6457671592321503
V3_sigma010,LogisticRegression,dominant_rat,42,570,0,0.6052631578947368,0.798747763864043,0.284434490481523
V3_sigma010,RandomForest,dominant_rat,42,570,0,0.9385964912280702,0.7458936412424784,0.40961586910113107
V3_sigma010,MLP,dominant_rat,42,570,0,0.980701754385965,0.5,0.4951284322409212
V3_sigma010,GradientBoosting,dominant_rat,42,570,0,0.968421052631579,0.6274190925353715,0.6169354838709677
V3_8D_sigma005,LogisticRegression,dominant_rat,42,570,0,0.5807017543859649,0.7862254025044723,0.4061956507525532
V3_8D_sigma005,RandomForest,dominant_rat,42,570,0,0.987719298245614,0.6818181818181819,0.7635555555555555
V3_8D_sigma005,MLP,dominant_rat,42,570,0,0.980701754385965,0.5,0.4951284322409212
V3_8D_sigma005,GradientBoosting,dominant_rat,42,570,0,0.9859649122807017,0.6363636363636364,0.710733316417153
Majority,Baseline,dominant_cpe,53,570,0,0.3280701754385965,0.25,0.12351387054161163
StratifiedRandom,Baseline,dominant_cpe,53,570,0,0.28421052631578947,0.26662952985478006,0.266370942873862
RawPrivate,LogisticRegression,dominant_cpe,53,570,0,0.16140350877192983,0.2627389876641661,0.09907871924270195
RawPrivate,RandomForest,dominant_cpe,53,570,0,0.23859649122807017,0.29802921306440067,0.22935099349509575
RawPrivate,MLP,dominant_cpe,53,570,0,0.2578947368421053,0.2889508945870022,0.23199517243675782
RawPrivate,GradientBoosting,dominant_cpe,53,570,0,0.2754385964912281,0.307306563303575,0.275721436677319
V1,LogisticRegression,dominant_cpe,53,570,0,0.1543859649122807,0.2570097771156784,0.08413500797748716
V1,RandomForest,dominant_cpe,53,570,0,0.23157894736842105,0.28063749889080436,0.2168314236138564
V1,MLP,dominant_cpe,53,570,0,0.28421052631578947,0.2514741845387771,0.23138379786848307
V1,GradientBoosting,dominant_cpe,53,570,0,0.25263157894736843,0.2733115043420334,0.248085635018933
V2,LogisticRegression,dominant_cpe,53,570,0,0.156140350877193,0.2434365764693445,0.10900237245173955
V2,RandomForest,dominant_cpe,53,570,0,0.18070175438596492,0.2580368741299463,0.1524104104544175
V2,MLP,dominant_cpe,53,570,0,0.22280701754385965,0.2562166252856327,0.1982849212579847
V2,GradientBoosting,dominant_cpe,53,570,0,0.2719298245614035,0.28959964974198,0.2709008123273301
V3_sigma005,LogisticRegression,dominant_cpe,53,570,0,0.16842105263157894,0.26580134622495144,0.11264218117045126
V3_sigma005,RandomForest,dominant_cpe,53,570,0,0.20701754385964913,0.2260759639679591,0.19991642369824153
V3_sigma005,MLP,dominant_cpe,53,570,0,0.24561403508771928,0.24993905145534517,0.23994773479007478
V3_sigma005,GradientBoosting,dominant_cpe,53,570,0,0.21578947368421053,0.211225866451866,0.2072712688363787
PCA3,LogisticRegression,dominant_cpe,53,570,0,0.156140350877193,0.25986593024809584,0.08437352595247331
PCA3,RandomForest,dominant_cpe,53,570,0,0.2596491228070175,0.2528407956459616,0.23590292923958803
PCA3,MLP,dominant_cpe,53,570,0,0.22456140350877193,0.23032771487135964,0.15609966540118675
PCA3,GradientBoosting,dominant_cpe,53,570,0,0.23508771929824562,0.22310664999366603,0.2088418384397761
RandomProjection3,LogisticRegression,dominant_cpe,53,570,0,0.15964912280701754,0.262184705515541,0.08963027732216614
RandomProjection3,RandomForest,dominant_cpe,53,570,0,0.22105263157894736,0.2152725799166188,0.21763261842732404
RandomProjection3,MLP,dominant_cpe,53,570,0,0.28771929824561404,0.2815084404145783,0.25041673235936357
RandomProjection3,GradientBoosting,dominant_cpe,53,570,0,0.22982456140350876,0.23101312754154169,0.22434191573152196
V3_sigma0,LogisticRegression,dominant_cpe,53,570,0,0.16842105263157894,0.26453754978043215,0.11467456329265374
V3_sigma0,RandomForest,dominant_cpe,53,570,0,0.21403508771929824,0.228258889404032,0.2100827828249383
V3_sigma0,MLP,dominant_cpe,53,570,0,0.27017543859649124,0.23920459458114013,0.15970778629308066
V3_sigma0,GradientBoosting,dominant_cpe,53,570,0,0.23508771929824562,0.2462561273293148,0.22548701990460512
V3_sigma001,LogisticRegression,dominant_cpe,53,570,0,0.16842105263157894,0.26438165472007846,0.11398680638927669
V3_sigma001,RandomForest,dominant_cpe,53,570,0,0.21578947368421053,0.23590127500598912,0.2113757212441423
V3_sigma001,MLP,dominant_cpe,53,570,0,0.2982456140350877,0.2689667877703648,0.24447101076620256
V3_sigma001,GradientBoosting,dominant_cpe,53,570,0,0.23859649122807017,0.25132100426534065,0.23676246196400375
V3_sigma010,LogisticRegression,dominant_cpe,53,570,0,0.1649122807017544,0.260885151223575,0.10744263285024155
V3_sigma010,RandomForest,dominant_cpe,53,570,0,0.18771929824561404,0.19899660370686473,0.18609648262451958
V3_sigma010,MLP,dominant_cpe,53,570,0,0.2824561403508772,0.2503506968053051,0.18771513187398153
V3_sigma010,GradientBoosting,dominant_cpe,53,570,0,0.22631578947368422,0.2190782613406041,0.21788480074695007
V3_8D_sigma005,LogisticRegression,dominant_cpe,53,570,0,0.19298245614035087,0.2897659541161236,0.14980983256845326
V3_8D_sigma005,RandomForest,dominant_cpe,53,570,0,0.17543859649122806,0.24280476505713156,0.1483115099376318
V3_8D_sigma005,MLP,dominant_cpe,53,570,0,0.32456140350877194,0.261787762630775,0.1969200201895767
V3_8D_sigma005,GradientBoosting,dominant_cpe,53,570,0,0.23508771929824562,0.2545849673220152,0.23465859910778653
Majority,Baseline,dominant_rat,53,570,0,0.980701754385965,0.5,0.4951284322409212
StratifiedRandom,Baseline,dominant_rat,53,570,0,0.9614035087719298,0.5347210928606277,0.35574775336346165
RawPrivate,LogisticRegression,dominant_rat,53,570,0,0.980701754385965,0.9901610017889088,0.8283649503161699
RawPrivate,RandomForest,dominant_rat,53,570,0,0.9912280701754386,0.9509676370141487,0.6096163428001993
RawPrivate,MLP,dominant_rat,53,570,0,0.980701754385965,0.5,0.4951284322409212
RawPrivate,GradientBoosting,dominant_rat,53,570,0,0.9894736842105263,0.9500731826313222,0.8819223864107169
V1,LogisticRegression,dominant_rat,53,570,0,0.856140350877193,0.926654740608229,0.5661939411939412
V1,RandomForest,dominant_rat,53,570,0,0.9771929824561404,0.49821109123434704,0.3294883170659568
V1,MLP,dominant_rat,53,570,0,0.980701754385965,0.5,0.4951284322409212
V1,GradientBoosting,dominant_rat,53,570,0,0.9789473684210527,0.5436656366888925,0.5660999746257295
V2,LogisticRegression,dominant_rat,53,570,0,0.887719298245614,0.8981948284273866,0.39345259827187534
V2,RandomForest,dominant_rat,53,570,0,0.9736842105263158,0.719222637827289,0.6932735426008969
V2,MLP,dominant_rat,53,570,0,0.980701754385965,0.5,0.4951284322409212
V2,GradientBoosting,dominant_rat,53,570,0,0.9736842105263158,0.719222637827289,0.6932735426008969
V3_sigma005,LogisticRegression,dominant_rat,53,570,0,0.7035087719298245,0.8488372093023255,0.3161181966094578
V3_sigma005,RandomForest,dominant_rat,53,570,0,0.980701754385965,0.633680273215157,0.6715729925095595
V3_sigma005,MLP,dominant_rat,53,570,0,0.980701754385965,0.5,0.4951284322409212
V3_sigma005,GradientBoosting,dominant_rat,53,570,0,0.9754385964912281,0.5864368189949586,0.6048722519310754
PCA3,LogisticRegression,dominant_rat,53,570,0,0.3140350877192982,0.6502683363148479,0.25772104006314717
PCA3,RandomForest,dominant_rat,53,570,0,0.9192982456140351,0.6914945519596682,0.5680680021085925
PCA3,MLP,dominant_rat,53,570,0,0.980701754385965,0.5,0.4951284322409212
PCA3,GradientBoosting,dominant_rat,53,570,0,0.9175438596491228,0.7797202797202798,0.5929746729667725
RandomProjection3,LogisticRegression,dominant_rat,53,570,0,0.9789473684210527,0.9892665474060822,0.5588833634719711
RandomProjection3,RandomForest,dominant_rat,53,570,0,0.9824561403508771,0.7236949097414214,0.7455357142857143
RandomProjection3,MLP,dominant_rat,53,570,0,0.980701754385965,0.5,0.4951284322409212
RandomProjection3,GradientBoosting,dominant_rat,53,570,0,0.9842105263157894,0.8582696373394048,0.8159641255605381
V3_sigma0,LogisticRegression,dominant_rat,53,570,0,0.6807017543859649,0.8372093023255813,0.30815815815815817
V3_sigma0,RandomForest,dominant_rat,53,570,0,0.9842105263157894,0.7245893641242478,0.7591436217662801
V3_sigma0,MLP,dominant_rat,53,570,0,0.980701754385965,0.5,0.4951284322409212
V3_sigma0,GradientBoosting,dominant_rat,53,570,0,0.980701754385965,0.589120182143438,0.6284444444444445
V3_sigma001,LogisticRegression,dominant_rat,53,570,0,0.6578947368421053,0.8255813953488372,0.30013584042325014
V3_sigma001,RandomForest,dominant_rat,53,570,0,0.9842105263157894,0.6800292730525288,0.7312869938714577
V3_sigma001,MLP,dominant_rat,53,570,0,0.980701754385965,0.5,0.4951284322409212
V3_sigma001,GradientBoosting,dominant_rat,53,570,0,0.980701754385965,0.544560091071719,0.5720428639683298
V3_sigma010,LogisticRegression,dominant_rat,53,570,0,0.6754385964912281,0.834525939177102,0.30603900486001234
V3_sigma010,RandomForest,dominant_rat,53,570,0,0.9824561403508771,0.6791348186697024,0.7177658942364824
V3_sigma010,MLP,dominant_rat,53,570,0,0.980701754385965,0.5,0.4951284322409212
V3_sigma010,GradientBoosting,dominant_rat,53,570,0,0.9859649122807017,0.6363636363636364,0.710733316417153
V3_8D_sigma005,LogisticRegression,dominant_rat,53,570,0,0.956140350877193,0.9776386404293381,0.7226061396507757
V3_8D_sigma005,RandomForest,dominant_rat,53,570,0,0.9824561403508771,0.8573751829565783,0.8032039773511945
V3_8D_sigma005,MLP,dominant_rat,53,570,0,0.980701754385965,0.5,0.4951284322409212
V3_8D_sigma005,GradientBoosting,dominant_rat,53,570,0,0.9824561403508771,0.8573751829565783,0.8032039773511945
Majority,Baseline,dominant_cpe,71,570,0,0.3280701754385965,0.25,0.12351387054161163
StratifiedRandom,Baseline,dominant_cpe,71,570,0,0.24561403508771928,0.2308884288552681,0.23021179942644018
RawPrivate,LogisticRegression,dominant_cpe,71,570,0,0.16140350877192983,0.2627389876641661,0.09907871924270195
RawPrivate,RandomForest,dominant_cpe,71,570,0,0.23157894736842105,0.2931524456079025,0.22140817898052018
RawPrivate,MLP,dominant_cpe,71,570,0,0.2807017543859649,0.24783646477164648,0.16740736189617977
RawPrivate,GradientBoosting,dominant_cpe,71,570,0,0.2754385964912281,0.307306563303575,0.275721436677319
V1,LogisticRegression,dominant_cpe,71,570,0,0.1543859649122807,0.2570097771156784,0.08413500797748716
V1,RandomForest,dominant_cpe,71,570,0,0.24210526315789474,0.28955142281508817,0.22674850226265872
V1,MLP,dominant_cpe,71,570,0,0.22982456140350876,0.2227871337787962,0.16614291864352745
V1,GradientBoosting,dominant_cpe,71,570,0,0.25263157894736843,0.2733115043420334,0.248085635018933
V2,LogisticRegression,dominant_cpe,71,570,0,0.18421052631578946,0.2861064765945435,0.13074355060803428
V2,RandomForest,dominant_cpe,71,570,0,0.1649122807017544,0.23064010477057195,0.13912397857936776
V2,MLP,dominant_cpe,71,570,0,0.2614035087719298,0.23104460012940695,0.18865640193812128
V2,GradientBoosting,dominant_cpe,71,570,0,0.25263157894736843,0.24211352033017114,0.2405999472697486
V3_sigma005,LogisticRegression,dominant_cpe,71,570,0,0.19473684210526315,0.2925260795531688,0.14213097733271232
V3_sigma005,RandomForest,dominant_cpe,71,570,0,0.18771929824561404,0.27138895380351274,0.15482800871009522
V3_sigma005,MLP,dominant_cpe,71,570,0,0.29473684210526313,0.2563680930336011,0.20602230664328852
V3_sigma005,GradientBoosting,dominant_cpe,71,570,0,0.2754385964912281,0.3010709029422324,0.27331184690130045
PCA3,LogisticRegression,dominant_cpe,71,570,0,0.156140350877193,0.25986593024809584,0.08437352595247331
PCA3,RandomForest,dominant_cpe,71,570,0,0.21578947368421053,0.21782964876244704,0.21129056469280277
PCA3,MLP,dominant_cpe,71,570,0,0.18070175438596492,0.20515615533265752,0.15915677001008863
PCA3,GradientBoosting,dominant_cpe,71,570,0,0.23508771929824562,0.22310664999366603,0.2088418384397761
RandomProjection3,LogisticRegression,dominant_cpe,71,570,0,0.1824561403508772,0.28451411990664544,0.1286735254629407
RandomProjection3,RandomForest,dominant_cpe,71,570,0,0.2596491228070175,0.3024360856295564,0.24832530478698034
RandomProjection3,MLP,dominant_cpe,71,570,0,0.2771929824561403,0.24486593545669866,0.21379047655680453
RandomProjection3,GradientBoosting,dominant_cpe,71,570,0,0.24736842105263157,0.23809026136169104,0.2117492411856201
V3_sigma0,LogisticRegression,dominant_cpe,71,570,0,0.18947368421052632,0.28774900948947457,0.13605296263192745
V3_sigma0,RandomForest,dominant_cpe,71,570,0,0.18947368421052632,0.22995589954922224,0.1700513855712928
V3_sigma0,MLP,dominant_cpe,71,570,0,0.28421052631578947,0.26265667595618347,0.209850619868941
V3_sigma0,GradientBoosting,dominant_cpe,71,570,0,0.26842105263157895,0.28534398449465237,0.2649980363733577
V3_sigma001,LogisticRegression,dominant_cpe,71,570,0,0.18070175438596492,0.27963133098963044,0.12446687949287774
V3_sigma001,RandomForest,dominant_cpe,71,570,0,0.2,0.24361636007620469,0.18991802177155354
V3_sigma001,MLP,dominant_cpe,71,570,0,0.2631578947368421,0.25772946397068963,0.2025347806147963
V3_sigma001,GradientBoosting,dominant_cpe,71,570,0,0.2771929824561403,0.288300095450014,0.27288534344520693
V3_sigma010,LogisticRegression,dominant_cpe,71,570,0,0.1824561403508772,0.2813795827378822,0.1275206982393527
V3_sigma010,RandomForest,dominant_cpe,71,570,0,0.20701754385964913,0.2635027898065812,0.19443235771263911
V3_sigma010,MLP,dominant_cpe,71,570,0,0.2789473684210526,0.24924839861506723,0.1952052577052577
V3_sigma010,GradientBoosting,dominant_cpe,71,570,0,0.2789473684210526,0.3009188117402917,0.2731568906369781
V3_8D_sigma005,LogisticRegression,dominant_cpe,71,570,0,0.1824561403508772,0.23806544158013732,0.1404845154845155
V3_8D_sigma005,RandomForest,dominant_cpe,71,570,0,0.21578947368421053,0.27962416521486066,0.18897285351688475
V3_8D_sigma005,MLP,dominant_cpe,71,570,0,0.22631578947368422,0.23231100087532938,0.19305942425208478
V3_8D_sigma005,GradientBoosting,dominant_cpe,71,570,0,0.2824561403508772,0.30928408038534566,0.28186048721213763
Majority,Baseline,dominant_rat,71,570,0,0.980701754385965,0.5,0.4951284322409212
StratifiedRandom,Baseline,dominant_rat,71,570,0,0.9631578947368421,0.49105545617173524,0.4906166219839142
RawPrivate,LogisticRegression,dominant_rat,71,570,0,0.980701754385965,0.9901610017889088,0.8283649503161699
RawPrivate,RandomForest,dominant_rat,71,570,0,0.9912280701754386,0.9509676370141487,0.6096163428001993
RawPrivate,MLP,dominant_rat,71,570,0,0.9824561403508771,0.5454545454545454,0.5789007092198581
RawPrivate,GradientBoosting,dominant_rat,71,570,0,0.9894736842105263,0.9500731826313222,0.8819223864107169
V1,LogisticRegression,dominant_rat,71,570,0,0.856140350877193,0.926654740608229,0.5661939411939412
V1,RandomForest,dominant_rat,71,570,0,0.9789473684210527,0.5436656366888925,0.3810629867468234
V1,MLP,dominant_rat,71,570,0,0.9456140350877194,0.5712310944869085,0.3643859408565291
V1,GradientBoosting,dominant_rat,71,570,0,0.9789473684210527,0.5436656366888925,0.5660999746257295
V2,LogisticRegression,dominant_rat,71,570,0,0.9701754385964912,0.895674093348512,0.7494505494505495
V2,RandomForest,dominant_rat,71,570,0,0.9842105263157894,0.7691494551959668,0.7816928379931061
V2,MLP,dominant_rat,71,570,0,0.9105263157894737,0.46422182468694095,0.31772268135904497
V2,GradientBoosting,dominant_rat,71,570,0,0.9894736842105263,0.7718328183444463,0.8306595365418894
V3_sigma005,LogisticRegression,dominant_rat,71,570,0,0.7824561403508772,0.8890876565295169,0.35235656362416923
V3_sigma005,RandomForest,dominant_rat,71,570,0,0.9771929824561404,0.7655716376646609,0.7341704035874439
V3_sigma005,MLP,dominant_rat,71,570,0,0.980701754385965,0.5,0.4951284322409212
V3_sigma005,GradientBoosting,dominant_rat,71,570,0,0.9859649122807017,0.7254838185070743,0.774212715389186
PCA3,LogisticRegression,dominant_rat,71,570,0,0.3140350877192982,0.6502683363148479,0.25772104006314717
PCA3,RandomForest,dominant_rat,71,570,0,0.9228070175438596,0.6932834607253212,0.5723347657049315
PCA3,MLP,dominant_rat,71,570,0,0.980701754385965,0.5,0.4951284322409212
PCA3,GradientBoosting,dominant_rat,71,570,0,0.9175438596491228,0.7797202797202798,0.5929746729667725
RandomProjection3,LogisticRegression,dominant_rat,71,570,0,0.9771929824561404,0.9883720930232558,0.8084033613445378
RandomProjection3,RandomForest,dominant_rat,71,570,0,0.9929824561403509,0.9073020003252561,0.9073020003252561
RandomProjection3,MLP,dominant_rat,71,570,0,0.980701754385965,0.5,0.4951284322409212
RandomProjection3,GradientBoosting,dominant_rat,71,570,0,0.9842105263157894,0.6354691819808098,0.696
V3_sigma0,LogisticRegression,dominant_rat,71,570,0,0.775438596491228,0.8855098389982111,0.3508417508417508
V3_sigma0,RandomForest,dominant_rat,71,570,0,0.9894736842105263,0.7272727272727273,0.8098309608540926
V3_sigma0,MLP,dominant_rat,71,570,0,0.980701754385965,0.5,0.4951284322409212
V3_sigma0,GradientBoosting,dominant_rat,71,570,0,0.9859649122807017,0.7254838185070743,0.774212715389186
V3_sigma001,LogisticRegression,dominant_rat,71,570,0,0.7298245614035088,0.8622540250447227,0.33522083216339604
V3_sigma001,RandomForest,dominant_rat,71,570,0,0.980701754385965,0.7228004553585949,0.7331801353249074
V3_sigma001,MLP,dominant_rat,71,570,0,0.980701754385965,0.5,0.4951284322409212
V3_sigma001,GradientBoosting,dominant_rat,71,570,0,0.9824561403508771,0.6791348186697024,0.7177658942364824
V3_sigma010,LogisticRegression,dominant_rat,71,570,0,0.7192982456140351,0.8568872987477638,0.3259074094421858
V3_sigma010,RandomForest,dominant_rat,71,570,0,0.9859649122807017,0.7254838185070743,0.774212715389186
V3_sigma010,MLP,dominant_rat,71,570,0,0.980701754385965,0.5,0.4951284322409212
V3_sigma010,GradientBoosting,dominant_rat,71,570,0,0.9859649122807017,0.7254838185070743,0.774212715389186
V3_8D_sigma005,LogisticRegression,dominant_rat,71,570,0,0.8736842105263158,0.8910391933647748,0.38450664404862883
V3_8D_sigma005,RandomForest,dominant_rat,71,570,0,0.980701754385965,0.678240364286876,0.7056199821587867
V3_8D_sigma005,MLP,dominant_rat,71,570,0,0.980701754385965,0.5,0.4951284322409212
V3_8D_sigma005,GradientBoosting,dominant_rat,71,570,0,0.9771929824561404,0.631891364449504,0.6520963425512936
Majority,Baseline,dominant_cpe,97,570,0,0.3280701754385965,0.25,0.12351387054161163
StratifiedRandom,Baseline,dominant_cpe,97,570,0,0.27017543859649124,0.258037087209152,0.2576258003371082
RawPrivate,LogisticRegression,dominant_cpe,97,570,0,0.16140350877192983,0.2627389876641661,0.09907871924270195
RawPrivate,RandomForest,dominant_cpe,97,570,0,0.24736842105263157,0.30831946292928475,0.23846612215255805
RawPrivate,MLP,dominant_cpe,97,570,0,0.32280701754385965,0.2462447631050104,0.12625654035198985
RawPrivate,GradientBoosting,dominant_cpe,97,570,0,0.2754385964912281,0.307306563303575,0.275721436677319
V1,LogisticRegression,dominant_cpe,97,570,0,0.1543859649122807,0.2570097771156784,0.08413500797748716
V1,RandomForest,dominant_cpe,97,570,0,0.22807017543859648,0.27681256931190346,0.20945575892706483
V1,MLP,dominant_cpe,97,570,0,0.21403508771929824,0.2601133309895673,0.19550354390270613
V1,GradientBoosting,dominant_cpe,97,570,0,0.25263157894736843,0.2733115043420334,0.248085635018933
V2,LogisticRegression,dominant_cpe,97,570,0,0.1649122807017544,0.2520219401502496,0.12049847899132576
V2,RandomForest,dominant_cpe,97,570,0,0.18421052631578946,0.23452282616515419,0.16701718967123705
V2,MLP,dominant_cpe,97,570,0,0.3192982456140351,0.25119069449331677,0.16167837633107862
V2,GradientBoosting,dominant_cpe,97,570,0,0.22631578947368422,0.22848580297446575,0.21531722856295188
V3_sigma005,LogisticRegression,dominant_cpe,97,570,0,0.18070175438596492,0.27772731834200637,0.13189335814865155
V3_sigma005,RandomForest,dominant_cpe,97,570,0,0.23333333333333334,0.2892485267782635,0.2248875899288778
V3_sigma005,MLP,dominant_cpe,97,570,0,0.24385964912280703,0.24434135812771376,0.21474631374900313
V3_sigma005,GradientBoosting,dominant_cpe,97,570,0,0.2596491228070175,0.2620642841970265,0.2481172188844078
PCA3,LogisticRegression,dominant_cpe,97,570,0,0.156140350877193,0.25986593024809584,0.08437352595247331
PCA3,RandomForest,dominant_cpe,97,570,0,0.23684210526315788,0.24038739725202324,0.23143193037258178
PCA3,MLP,dominant_cpe,97,570,0,0.18771929824561404,0.2522297397267491,0.15621062732010718
PCA3,GradientBoosting,dominant_cpe,97,570,0,0.23508771929824562,0.22310664999366603,0.2088418384397761
RandomProjection3,LogisticRegression,dominant_cpe,97,570,0,0.17192982456140352,0.2625111823177973,0.12662763695372392
RandomProjection3,RandomForest,dominant_cpe,97,570,0,0.20175438596491227,0.2676421216994149,0.18319202608408974
RandomProjection3,MLP,dominant_cpe,97,570,0,0.2912280701754386,0.2647920610539163,0.2291947295289459
RandomProjection3,GradientBoosting,dominant_cpe,97,570,0,0.19298245614035087,0.21037824526338345,0.1926871934544569
V3_sigma0,LogisticRegression,dominant_cpe,97,570,0,0.18771929824561404,0.28283294864907943,0.14234128163139337
V3_sigma0,RandomForest,dominant_cpe,97,570,0,0.25087719298245614,0.29050395789100325,0.24757484731148457
V3_sigma0,MLP,dominant_cpe,97,570,0,0.24912280701754386,0.23327609973255875,0.20228473392443175
V3_sigma0,GradientBoosting,dominant_cpe,97,570,0,0.2578947368421053,0.2521691463141038,0.2433004988011661
V3_sigma001,LogisticRegression,dominant_cpe,97,570,0,0.18596491228070175,0.279509110335601,0.14015873015873015
V3_sigma001,RandomForest,dominant_cpe,97,570,0,0.22807017543859648,0.26671162059173453,0.22621827190811955
V3_sigma001,MLP,dominant_cpe,97,570,0,0.2631578947368421,0.24723551827697143,0.21955900708290685
V3_sigma001,GradientBoosting,dominant_cpe,97,570,0,0.2578947368421053,0.25236787818662715,0.24712343995294783
V3_sigma010,LogisticRegression,dominant_cpe,97,570,0,0.19473684210526315,0.2910897520866057,0.1517600066768483
V3_sigma010,RandomForest,dominant_cpe,97,570,0,0.23333333333333334,0.29144769358490485,0.22248562779558662
V3_sigma010,MLP,dominant_cpe,97,570,0,0.30526315789473685,0.24743690180183248,0.1861579821538124
V3_sigma010,GradientBoosting,dominant_cpe,97,570,0,0.25087719298245614,0.26025209290341755,0.24784283537906307
V3_8D_sigma005,LogisticRegression,dominant_cpe,97,570,0,0.16140350877192983,0.2636909939879781,0.09634589328090216
V3_8D_sigma005,RandomForest,dominant_cpe,97,570,0,0.17894736842105263,0.2268068098598914,0.16051166413008516
V3_8D_sigma005,MLP,dominant_cpe,97,570,0,0.30350877192982456,0.2790877580440478,0.25335228681542576
V3_8D_sigma005,GradientBoosting,dominant_cpe,97,570,0,0.22280701754385965,0.23559709260210782,0.22134657195609722
Majority,Baseline,dominant_rat,97,570,0,0.980701754385965,0.5,0.4951284322409212
StratifiedRandom,Baseline,dominant_rat,97,570,0,0.9701754385964912,0.49463327370304117,0.4924309884238646
RawPrivate,LogisticRegression,dominant_rat,97,570,0,0.980701754385965,0.9901610017889088,0.8283649503161699
RawPrivate,RandomForest,dominant_rat,97,570,0,0.987719298245614,0.8600585461050577,0.5736686470795692
RawPrivate,MLP,dominant_rat,97,570,0,0.980701754385965,0.5,0.4951284322409212
RawPrivate,GradientBoosting,dominant_rat,97,570,0,0.9894736842105263,0.9500731826313222,0.8819223864107169
V1,LogisticRegression,dominant_rat,97,570,0,0.856140350877193,0.926654740608229,0.5661939411939412
V1,RandomForest,dominant_rat,97,570,0,0.9789473684210527,0.5436656366888925,0.5660999746257295
V1,MLP,dominant_rat,97,570,0,0.980701754385965,0.5,0.4951284322409212
V1,GradientBoosting,dominant_rat,97,570,0,0.9789473684210527,0.5436656366888925,0.5660999746257295
V2,LogisticRegression,dominant_rat,97,570,0,0.8491228070175438,0.8785168320052041,0.5527535491405423
V2,RandomForest,dominant_rat,97,570,0,0.9859649122807017,0.6809237274353553,0.74644128113879
V2,MLP,dominant_rat,97,570,0,0.980701754385965,0.5,0.4951284322409212
V2,GradientBoosting,dominant_rat,97,570,0,0.9842105263157894,0.5909090909090909,0.6498532523377244
V3_sigma005,LogisticRegression,dominant_rat,97,570,0,0.5684210526315789,0.7799642218246869,0.2721815389256867
V3_sigma005,RandomForest,dominant_rat,97,570,0,0.9824561403508771,0.8128150918848593,0.7871863799283154
V3_sigma005,MLP,dominant_rat,97,570,0,0.8666666666666667,0.4418604651162791,0.30952380952380953
V3_sigma005,GradientBoosting,dominant_rat,97,570,0,0.9789473684210527,0.7219060009757684,0.7219060009757684
PCA3,LogisticRegression,dominant_rat,97,570,0,0.3140350877192982,0.6502683363148479,0.25772104006314717
PCA3,RandomForest,dominant_rat,97,570,0,0.9157894736842105,0.6897056431940153,0.5640257505258461
PCA3,MLP,dominant_rat,97,570,0,0.9087719298245615,0.46332737030411447,0.3203463203463203
PCA3,GradientBoosting,dominant_rat,97,570,0,0.9175438596491228,0.7797202797202798,0.5929746729667725
RandomProjection3,LogisticRegression,dominant_rat,97,570,0,0.9771929824561404,0.721011546592942,0.7115721458876649
RandomProjection3,RandomForest,dominant_rat,97,570,0,0.980701754385965,0.5,0.4951284322409212
RandomProjection3,MLP,dominant_rat,97,570,0,0.980701754385965,0.5,0.4951284322409212
RandomProjection3,GradientBoosting,dominant_rat,97,570,0,0.980701754385965,0.5,0.4951284322409212
V3_sigma0,LogisticRegression,dominant_rat,97,570,0,0.5456140350877193,0.7683363148479427,0.2622800086648495
V3_sigma0,RandomForest,dominant_rat,97,570,0,0.9736842105263158,0.763782728899008,0.7154836777478286
V3_sigma0,MLP,dominant_rat,97,570,0,0.9719298245614035,0.49552772808586765,0.32858837485172004
V3_sigma0,GradientBoosting,dominant_rat,97,570,0,0.968421052631579,0.7610993657505285,0.4658589624106866
V3_sigma001,LogisticRegression,dominant_rat,97,570,0,0.519298245614035,0.7549194991055457,0.25300188011701175
V3_sigma001,RandomForest,dominant_rat,97,570,0,0.9789473684210527,0.8555862741909254,0.7803186022610482
V3_sigma001,MLP,dominant_rat,97,570,0,0.9719298245614035,0.49552772808586765,0.32858837485172004
V3_sigma001,GradientBoosting,dominant_rat,97,570,0,0.9719298245614035,0.6737680923727436,0.6594982078853047
V3_sigma010,LogisticRegression,dominant_rat,97,570,0,0.5982456140350877,0.7951699463327371,0.2805020993997372
V3_sigma010,RandomForest,dominant_rat,97,570,0,0.9859649122807017,0.8146040006505122,0.8146040006505122
V3_sigma010,MLP,dominant_rat,97,570,0,0.9719298245614035,0.49552772808586765,0.32858837485172004
V3_sigma010,GradientBoosting,dominant_rat,97,570,0,0.9789473684210527,0.7219060009757684,0.49642218246869413
V3_8D_sigma005,LogisticRegression,dominant_rat,97,570,0,0.9649122807017544,0.9821109123434705,0.7527972937809004
V3_8D_sigma005,RandomForest,dominant_rat,97,570,0,0.9859649122807017,0.6809237274353553,0.74644128113879
V3_8D_sigma005,MLP,dominant_rat,97,570,0,0.980701754385965,0.5,0.4951284322409212
V3_8D_sigma005,GradientBoosting,dominant_rat,97,570,0,0.9859649122807017,0.8146040006505122,0.8146040006505122
