method,seed,task,accuracy,balanced_accuracy,macro_f1,auroc,auprc
Majority,3,binary,0.7649122807017544,0.5,0.43339960238568587,0.5,0.23508771929824562
Majority,3,4class,0.7649122807017544,0.25,0.21669980119284293,,
StratifiedRandom,3,binary,0.5701754385964912,0.45799671367930983,0.4583409291014239,0.5,0.23508771929824562
StratifiedRandom,3,4class,0.5368421052631579,0.21492283145653707,0.21230074126320655,,
OpticalOnly,3,binary,0.7824561403508772,0.5528207585923592,0.5395559724828017,0.5692694782965906,0.3369534185395525
OpticalOnly,3,4class,0.4649122807017544,0.3705796845754963,0.31426952141057934,,
WirelessSemanticOnly_V3,3,binary,0.5842105263157895,0.5627995344379022,0.5303683978154082,0.6013795700397098,0.3518821836066859
WirelessSemanticOnly_V3,3,4class,0.42280701754385963,0.3275060599552024,0.25363016564281055,,
RawWirelessPlusOptical,3,binary,0.756140350877193,0.6079864439271532,0.617709926610728,0.7209708339038752,0.4249555406331743
RawWirelessPlusOptical,3,4class,0.7070175438596491,0.4619634254855635,0.4106482525870576,,
V1PlusOptical,3,binary,0.7684210526315789,0.6366904012049843,0.6473301334933254,0.7101704778858005,0.4491511720316682
V1PlusOptical,3,4class,0.6508771929824562,0.4143026449019668,0.37605117091506046,,
V2PlusOptical,3,binary,0.7666666666666667,0.6277899493358894,0.638963896389639,0.6749452279884978,0.4245723892829152
V2PlusOptical,3,4class,0.6210526315789474,0.3955006750329846,0.3571467854589451,,
V3PlusOptical,3,binary,0.7736842105263158,0.6478844310557306,0.6585383975963481,0.7017321648637546,0.44292339780880186
V3PlusOptical,3,4class,0.6859649122807018,0.42577053481022364,0.3904353190118467,,
PCA3PlusOptical,3,binary,0.7736842105263158,0.585855128029577,0.5943373846264186,0.650931124195536,0.40756301689159447
PCA3PlusOptical,3,4class,0.6175438596491228,0.4359213433156393,0.376275111472112,,
V3NoNoisePlusOptical,3,binary,0.7736842105263158,0.6349616595919485,0.6475392941199027,0.700465562097768,0.4554706275136041
V3NoNoisePlusOptical,3,4class,0.6666666666666666,0.43652005154797335,0.38744402042274384,,
V3_8DPlusOptical,3,binary,0.7684210526315789,0.6341058469122278,0.6451010358295126,0.7134396823223332,0.45469595838559157
V3_8DPlusOptical,3,4class,0.6526315789473685,0.4212781135896413,0.3803957967593721,,
Majority,7,binary,0.7649122807017544,0.5,0.43339960238568587,0.5,0.23508771929824562
Majority,7,4class,0.7649122807017544,0.25,0.21669980119284293,,
StratifiedRandom,7,binary,0.5982456140350877,0.49960632616732853,0.49573306651316784,0.5,0.23508771929824562
StratifiedRandom,7,4class,0.5596491228070175,0.271472824808485,0.26164161850245354,,
OpticalOnly,7,binary,0.7789473684210526,0.5479426263179515,0.5321294559099438,0.5696460358756675,0.33804610282214576
OpticalOnly,7,4class,0.44912280701754387,0.39047858304439875,0.32075849831388115,,
WirelessSemanticOnly_V3,7,binary,0.6263157894736842,0.5929070245104751,0.5643312101910828,0.6236221415856498,0.39544281660015146
WirelessSemanticOnly_V3,7,4class,0.387719298245614,0.29683194747016045,0.23092324828497968,,
RawWirelessPlusOptical,7,binary,0.7631578947368421,0.625496371354238,0.635879260496567,0.7254381760920171,0.4221006587855113
RawWirelessPlusOptical,7,4class,0.7017543859649122,0.4554416863551287,0.4051070090582361,,
V1PlusOptical,7,binary,0.7701754385964912,0.6404217444885664,0.65109270084248,0.7015952348349994,0.44954640719692257
V1PlusOptical,7,4class,0.6649122807017543,0.42209083796140046,0.3836145346065909,,
V2PlusOptical,7,binary,0.7631578947368421,0.6306654799397509,0.6404390428529375,0.6947487333972341,0.4291843822948293
V2PlusOptical,7,4class,0.6771929824561403,0.4213030437850941,0.38872241407252184,,
V3PlusOptical,7,binary,0.7771929824561403,0.6269170204025742,0.6410988651406304,0.7000376557579078,0.4502774635547205
V3PlusOptical,7,4class,0.6578947368421053,0.41979725997974904,0.38349348799964034,,
PCA3PlusOptical,7,binary,0.7701754385964912,0.5783924414624128,0.5845642848797423,0.6352868684102424,0.3869148033720205
PCA3PlusOptical,7,4class,0.6,0.45044529164493263,0.38256409386869233,,
V3NoNoisePlusOptical,7,binary,0.7807017543859649,0.631795152676982,0.6467508515163685,0.6941496645214297,0.45428484211895087
V3NoNoisePlusOptical,7,4class,0.6543859649122807,0.44050888282041056,0.3981243775294119,,
V3_8DPlusOptical,7,binary,0.7736842105263158,0.6427153224702177,0.6542611966615728,0.7037005340271121,0.4552973920112795
V3_8DPlusOptical,7,4class,0.6508771929824562,0.4393620938295848,0.39095477386934674,,
Majority,11,binary,0.7649122807017544,0.5,0.43339960238568587,0.5,0.23508771929824562
Majority,11,4class,0.7649122807017544,0.25,0.21669980119284293,,
StratifiedRandom,11,binary,0.6105263157894737,0.5179720662741338,0.5121142487006678,0.5,0.23508771929824562
StratifiedRandom,11,4class,0.5614035087719298,0.24640928477186952,0.23251323338072377,,
OpticalOnly,11,binary,0.7824561403508772,0.5554053128851157,0.5444584804970481,0.5734116116664384,0.3479705197171686
OpticalOnly,11,4class,0.4263157894736842,0.3846249731520972,0.30925693134995463,,
WirelessSemanticOnly_V3,11,binary,0.6631578947368421,0.6118204847323019,0.5905723905723905,0.6348418458167875,0.39876200556251407
WirelessSemanticOnly_V3,11,4class,0.43508771929824563,0.29740610904851034,0.25013308468000667,,
RawWirelessPlusOptical,11,binary,0.7543859649122807,0.6197624264001096,0.628277031433416,0.724359852115569,0.42133442670015964
RawWirelessPlusOptical,11,4class,0.7228070175438597,0.4857813506796355,0.42993209418956885,,
V1PlusOptical,11,binary,0.7649122807017544,0.6343968232233329,0.6442080158005552,0.7003970970833905,0.4359969364444779
V1PlusOptical,11,4class,0.6596491228070176,0.4374275106624528,0.3892869041669641,,
V2PlusOptical,11,binary,0.7771929824561403,0.6346706832808435,0.6483788706739526,0.6901786936875257,0.4451503035513692
V2PlusOptical,11,4class,0.6596491228070176,0.417169617379031,0.37744354411021075,,
V3PlusOptical,11,binary,0.7719298245614035,0.6441530877721484,0.6548286720453148,0.7079624811721211,0.45954015888580324
V3PlusOptical,11,4class,0.6578947368421053,0.4181967414316836,0.3753609735973597,,
PCA3PlusOptical,11,binary,0.7736842105263158,0.5832705737368205,0.5909068148815783,0.6333698480076682,0.38932573346911387
PCA3PlusOptical,11,4class,0.6192982456140351,0.43809525635911756,0.3776216870187259,,
V3NoNoisePlusOptical,11,binary,0.7789473684210526,0.6435711351499385,0.65685618729097,0.7004313295905792,0.44938831976688204
V3NoNoisePlusOptical,11,4class,0.6789473684210526,0.44693588720812494,0.3993788758023633,,
V3_8DPlusOptical,11,binary,0.7543859649122807,0.6249315349856224,0.6327927994257211,0.7025023962755033,0.4381321374563516
V3_8DPlusOptical,11,4class,0.6807017543859649,0.48220047968252994,0.450870530916386,,
Majority,19,binary,0.7649122807017544,0.5,0.43339960238568587,0.5,0.23508771929824562
Majority,19,4class,0.7649122807017544,0.25,0.21669980119284293,,
StratifiedRandom,19,binary,0.624561403508772,0.5478228125427906,0.5368950173882671,0.5,0.23508771929824562
StratifiedRandom,19,4class,0.5807017543859649,0.27032232825013036,0.2583762856805445,,
OpticalOnly,19,binary,0.7824561403508772,0.5554053128851157,0.5444584804970481,0.5685505956456252,0.34249080680700283
OpticalOnly,19,4class,0.46842105263157896,0.3919843668497438,0.32670202248697194,,
WirelessSemanticOnly_V3,19,binary,0.6526315789473685,0.5997706422018348,0.5792824764404152,0.621765028070656,0.37709086216399434
WirelessSemanticOnly_V3,19,4class,0.4192982456140351,0.26343622472461725,0.23940263466805792,,
RawWirelessPlusOptical,19,binary,0.7631578947368421,0.6306654799397509,0.6404390428529375,0.7261228262357935,0.4251635859429058
RawWirelessPlusOptical,19,4class,0.6982456140350877,0.454294897364303,0.4092387706855792,,
V1PlusOptical,19,binary,0.7631578947368421,0.6229118170614816,0.6335347820496335,0.7054977406545255,0.4431179429398123
V1PlusOptical,19,4class,0.6701754385964912,0.42541153999570436,0.3841807545059578,,
V2PlusOptical,19,binary,0.756140350877193,0.6286628782692044,0.6365112790233564,0.7130802409968506,0.43127348828507023
V2PlusOptical,19,4class,0.6684210526315789,0.47073297331574165,0.440507552382526,,
V3PlusOptical,19,binary,0.775438596491228,0.6257702314117486,0.6395256916996047,0.6958099411200876,0.4486949003480013
V3PlusOptical,19,4class,0.6754385964912281,0.4020722745543248,0.37581356447688563,,
PCA3PlusOptical,19,binary,0.7666666666666667,0.5657606463097358,0.5671240385768368,0.644255785293715,0.396602395773206
PCA3PlusOptical,19,4class,0.6052631578947368,0.45856754932343285,0.3879790389425877,,
V3NoNoisePlusOptical,19,binary,0.775438596491228,0.6309393399972614,0.6444167186525265,0.6898706011228262,0.43944927156530694
V3NoNoisePlusOptical,19,4class,0.6508771929824562,0.43616105673345396,0.38889309764309765,,
V3_8DPlusOptical,19,binary,0.7649122807017544,0.621474051759551,0.6326754385964912,0.6909146925920854,0.4249921767594941
V3_8DPlusOptical,19,4class,0.5982456140350877,0.42856233315946113,0.3725401688612391,,
Majority,23,binary,0.7649122807017544,0.5,0.43339960238568587,0.5,0.23508771929824562
Majority,23,4class,0.7649122807017544,0.25,0.21669980119284293,,
StratifiedRandom,23,binary,0.6,0.5136758866219362,0.5065984297407706,0.5,0.23508771929824562
StratifiedRandom,23,4class,0.5666666666666667,0.2300209413641803,0.2430981174690539,,
OpticalOnly,23,binary,0.7824561403508772,0.550236204299603,0.5345222728589869,0.5763213747774887,0.3457238013585715
OpticalOnly,23,4class,0.47192982456140353,0.3867290816483078,0.32258241268142257,,
WirelessSemanticOnly_V3,23,binary,0.5964912280701754,0.5889189374229769,0.5484044312169313,0.6206695878406134,0.391289799235486
WirelessSemanticOnly_V3,23,4class,0.35964912280701755,0.31591812156730387,0.22510254616647038,,
RawWirelessPlusOptical,23,binary,0.7543859649122807,0.6197624264001096,0.628277031433416,0.7308811447350403,0.4437833291667521
RawWirelessPlusOptical,23,4class,0.7035087719298245,0.4592161179466724,0.41090875386630754,,
V1PlusOptical,23,binary,0.7701754385964912,0.6481754073668355,0.6574314931802854,0.7055319731617145,0.44593471898956427
V1PlusOptical,23,4class,0.6614035087719298,0.4022866742352183,0.37017034559175094,,
V2PlusOptical,23,binary,0.7350877192982456,0.620070518964809,0.6227961381196342,0.6865842804326989,0.42872945552757746
V2PlusOptical,23,4class,0.6210526315789474,0.42376116105673345,0.3760863534841955,,
V3PlusOptical,23,binary,0.7614035087719299,0.6191804737778994,0.6296225513616818,0.6968026838285636,0.4548348799816532
V3PlusOptical,23,4class,0.6578947368421053,0.4384546347151054,0.38669573273948654,,
PCA3PlusOptical,23,binary,0.775438596491228,0.5844173627276462,0.5923475773288038,0.6436053676571272,0.3906430717322861
PCA3PlusOptical,23,4class,0.6543859649122807,0.44796262771930906,0.3934456813877931,,
V3NoNoisePlusOptical,23,binary,0.7807017543859649,0.6214569355059565,0.6365148276442589,0.687337395590853,0.4410532748890721
V3NoNoisePlusOptical,23,4class,0.7017543859649122,0.4309310852689393,0.4025318180159968,,
V3_8DPlusOptical,23,binary,0.7719298245614035,0.6363994248938792,0.6482416831231961,0.6993358893605367,0.44980737823528744
V3_8DPlusOptical,23,4class,0.6736842105263158,0.43616144027492254,0.3934133654474038,,
Majority,31,binary,0.7649122807017544,0.5,0.43339960238568587,0.5,0.23508771929824562
Majority,31,4class,0.7649122807017544,0.25,0.21669980119284293,,
StratifiedRandom,31,binary,0.5964912280701754,0.506213200054772,0.5003810975609756,0.5,0.23508771929824562
StratifiedRandom,31,4class,0.5508771929824562,0.2445694363474579,0.23135751737952162,,
OpticalOnly,31,binary,0.7842105263157895,0.5565521018759414,0.5457166739021972,0.5756538408873066,0.34528815260296664
OpticalOnly,31,4class,0.47368421052631576,0.3969055874321132,0.32713127578339385,,
WirelessSemanticOnly_V3,31,binary,0.6385964912280702,0.6061036560317679,0.5766757037378865,0.6027488703272628,0.3822516709834175
WirelessSemanticOnly_V3,31,4class,0.4666666666666667,0.3215830290571017,0.2648046091887035,,
RawWirelessPlusOptical,31,binary,0.7631578947368421,0.6306654799397509,0.6404390428529375,0.7179241407640695,0.4371161816689052
RawWirelessPlusOptical,31,4class,0.7,0.4799277407873339,0.4243084044284344,,
V1PlusOptical,31,binary,0.7684210526315789,0.6366904012049843,0.6473301334933254,0.6995755169108585,0.43732114887925316
V1PlusOptical,31,4class,0.6701754385964912,0.42381102144763894,0.38339891749018096,,
V2PlusOptical,31,binary,0.7684210526315789,0.6211830754484459,0.633304741110418,0.7008421196768451,0.4294640879305187
V2PlusOptical,31,4class,0.6859649122807018,0.4460284280936455,0.39789530847925014,,
V3PlusOptical,31,binary,0.7789473684210526,0.6358174722716692,0.6499727074235808,0.6975386827331232,0.4606848143228537
V3PlusOptical,31,4class,0.7017543859649122,0.4447869043600994,0.4027160150701007,,
PCA3PlusOptical,31,binary,0.7842105263157895,0.6030740791455567,0.6164052284005669,0.6408496508284267,0.39646831941359717
PCA3PlusOptical,31,4class,0.624561403508772,0.43501388420115983,0.37721196931723244,,
V3NoNoisePlusOptical,31,binary,0.7789473684210526,0.6435711351499385,0.65685618729097,0.7037689990414897,0.4539212829606256
V3NoNoisePlusOptical,31,4class,0.6771929824561403,0.44156093706851585,0.39513334387435106,,
V3_8DPlusOptical,31,binary,0.7649122807017544,0.6421504861016021,0.650633050351288,0.7231274818567712,0.45749111800137865
V3_8DPlusOptical,31,4class,0.6543859649122807,0.43890836427234514,0.39153716216216217,,
Majority,42,binary,0.7649122807017544,0.5,0.43339960238568587,0.5,0.23508771929824562
Majority,42,4class,0.7649122807017544,0.25,0.21669980119284293,,
StratifiedRandom,42,binary,0.6157894736842106,0.5239969875393674,0.5177534566217631,0.5,0.23508771929824562
StratifiedRandom,42,4class,0.5789473684210527,0.24789052192323036,0.24710854441809701,,
OpticalOnly,42,binary,0.7824561403508772,0.5554053128851157,0.5444584804970481,0.5756880733944955,0.3417152635476121
OpticalOnly,42,4class,0.44912280701754387,0.37022068976097694,0.3070266301309459,,
WirelessSemanticOnly_V3,42,binary,0.6421052631578947,0.6187354511844447,0.5846490162739859,0.640695604546077,0.3868226226990425
WirelessSemanticOnly_V3,42,4class,0.40350877192982454,0.25882452210733026,0.23844413705320922,,
RawWirelessPlusOptical,42,binary,0.7578947368421053,0.6194714500890045,0.6289692647308541,0.7168287005340271,0.43155087743779547
RawWirelessPlusOptical,42,4class,0.7087719298245614,0.4795936761682673,0.4231282134643403,,
V1PlusOptical,42,binary,0.7631578947368421,0.63841914281802,0.6469713861018209,0.6977954265370396,0.43319041381092493
V1PlusOptical,42,4class,0.6578947368421053,0.42139777852781446,0.38417592382679666,,
V2PlusOptical,42,binary,0.7473684210526316,0.6332671504861016,0.6373020361990951,0.6923182253868274,0.42552344197527603
V2PlusOptical,42,4class,0.6596491228070176,0.46306444519448114,0.4301771032756517,,
V3PlusOptical,42,binary,0.7701754385964912,0.6352526359030535,0.6466680231485206,0.7014754210598384,0.4477084519061456
V3PlusOptical,42,4class,0.6719298245614035,0.40892807830382616,0.3725045372050817,,
PCA3PlusOptical,42,binary,0.775438596491228,0.5766636998493769,0.5815458028401661,0.6439990414897988,0.3972903222588412
PCA3PlusOptical,42,4class,0.631578947368421,0.42985371728391275,0.37846628326846965,,
V3NoNoisePlusOptical,42,binary,0.7719298245614035,0.6338148706011228,0.6459627329192547,0.7074147610570998,0.4514648190433995
V3NoNoisePlusOptical,42,4class,0.6842105263157895,0.42199610321868,0.3905562004398274,,
V3_8DPlusOptical,42,binary,0.7508771929824561,0.6329761741749966,0.6382990132990133,0.69325961933452,0.40843753922648357
V3_8DPlusOptical,42,4class,0.6350877192982456,0.41874520573164375,0.37477682766397297,,
Majority,53,binary,0.7649122807017544,0.5,0.43339960238568587,0.5,0.23508771929824562
Majority,53,4class,0.7649122807017544,0.25,0.21669980119284293,,
StratifiedRandom,53,binary,0.6280701754385964,0.5320245104751472,0.5264964498989044,0.5,0.23508771929824562
StratifiedRandom,53,4class,0.5912280701754385,0.25190428339112025,0.252669708178985,,
OpticalOnly,53,binary,0.7789473684210526,0.5479426263179515,0.5321294559099438,0.5809256469943859,0.34561363658036454
OpticalOnly,53,4class,0.46842105263157896,0.4362786761171285,0.39859219932660483,,
WirelessSemanticOnly_V3,53,binary,0.6736842105263158,0.5928556757496919,0.5828349282296651,0.6190007531151581,0.38221096615736383
WirelessSemanticOnly_V3,53,4class,0.4842105263157895,0.3059613850449511,0.25456566123950736,,
RawWirelessPlusOptical,53,binary,0.7614035087719299,0.6243495823634123,0.6343465217637403,0.7217068328084348,0.4274986754149853
RawWirelessPlusOptical,53,4class,0.7052631578947368,0.45978951244208527,0.4116584039660963,,
V1PlusOptical,53,binary,0.7631578947368421,0.6332500342325071,0.6426564626008294,0.7042140216349446,0.4327308532301419
V1PlusOptical,53,4class,0.6701754385964912,0.4222105028995735,0.38488795384451174,,
V2PlusOptical,53,binary,0.7350877192982456,0.6355778447213474,0.6345207410647179,0.6887580446391894,0.40846974224700694
V2PlusOptical,53,4class,0.6263157894736842,0.4665746167142259,0.43023274560382524,,
V3PlusOptical,53,binary,0.7807017543859649,0.631795152676982,0.6467508515163685,0.6959297548952486,0.4514326728808129
V3PlusOptical,53,4class,0.6877192982456141,0.4626356458326942,0.4357142857142858,,
PCA3PlusOptical,53,binary,0.7631578947368421,0.5738052854991099,0.5789813482445246,0.6366219361906066,0.3794227731059837
PCA3PlusOptical,53,4class,0.5719298245614035,0.4476730539105888,0.37494790924787375,,
V3NoNoisePlusOptical,53,binary,0.7736842105263158,0.6246234424209229,0.6379598127021797,0.7002088182938518,0.4405016168360467
V3NoNoisePlusOptical,53,4class,0.6754385964912281,0.4602224029128696,0.4338557320738515,,
V3_8DPlusOptical,53,binary,0.7666666666666667,0.625205395043133,0.6366102799840858,0.6856086539778173,0.40837902395446424
V3_8DPlusOptical,53,4class,0.6403508771929824,0.4316976568173218,0.41055658994405875,,
Majority,71,binary,0.7649122807017544,0.5,0.43339960238568587,0.5,0.23508771929824562
Majority,71,4class,0.7649122807017544,0.25,0.21669980119284293,,
StratifiedRandom,71,binary,0.5789473684210527,0.4766534300972203,0.474622096595797,0.5,0.23508771929824562
StratifiedRandom,71,4class,0.5473684210526316,0.2279663097174066,0.22774291321091605,,
OpticalOnly,71,binary,0.7789473684210526,0.5479426263179515,0.5321294559099438,0.5663083664247569,0.33965186581724105
OpticalOnly,71,4class,0.4421052631578947,0.35992451903899847,0.30399925966001307,,
WirelessSemanticOnly_V3,71,binary,0.6719298245614035,0.6072162125154046,0.5914385701308209,0.6393434205121183,0.38468660424205603
WirelessSemanticOnly_V3,71,4class,0.5210526315789473,0.3201520358381148,0.27274796304278304,,
RawWirelessPlusOptical,71,binary,0.7614035087719299,0.6269341366561687,0.6366431678416079,0.7282281254279064,0.42227965932286976
RawWirelessPlusOptical,71,4class,0.6982456140350877,0.4606969715565647,0.4135569493009688,,
V1PlusOptical,71,binary,0.7614035087719299,0.6295186909489251,0.6388976876781755,0.702947418868958,0.4244850163786213
V1PlusOptical,71,4class,0.6666666666666666,0.42106371390874786,0.3834323384526225,,
V2PlusOptical,71,binary,0.7578947368421053,0.6272251129672737,0.6358333333333334,0.7066274133917568,0.44209604183422657
V2PlusOptical,71,4class,0.6842105263157895,0.42039558467061455,0.38487192711019425,,
V3PlusOptical,71,binary,0.7578947368421053,0.6298096672600302,0.6380386165767822,0.6932767355881144,0.42292962528760025
V3PlusOptical,71,4class,0.6614035087719298,0.40068615568715293,0.37150228691972237,,
PCA3PlusOptical,71,binary,0.775438596491228,0.5740791455566205,0.5777777777777777,0.6602252498973024,0.4048597214946591
PCA3PlusOptical,71,4class,0.6631578947368421,0.43217222546101686,0.3865808291926282,,
V3NoNoisePlusOptical,71,binary,0.7719298245614035,0.6363994248938792,0.6482416831231961,0.7030501163905245,0.43701049724599045
V3NoNoisePlusOptical,71,4class,0.6701754385964912,0.4665048121669582,0.4362900450561085,,
V3_8DPlusOptical,71,binary,0.7596491228070176,0.6232027933725867,0.6328200305630657,0.6879535807202519,0.4278890216562363
V3_8DPlusOptical,71,4class,0.6842105263157895,0.42679765886287624,0.39091331914624994,,
Majority,97,binary,0.7649122807017544,0.5,0.43339960238568587,0.5,0.23508771929824562
Majority,97,4class,0.7649122807017544,0.25,0.21669980119284293,,
StratifiedRandom,97,binary,0.612280701754386,0.5242879638504724,0.5171546737909702,0.5,0.23508771929824562
StratifiedRandom,97,4class,0.5771929824561404,0.28463187689853026,0.2597972911874639,,
OpticalOnly,97,binary,0.7842105263157895,0.553967547583185,0.5407892582282626,0.5724359852115569,0.34861992267339165
OpticalOnly,97,4class,0.44912280701754387,0.39425710574493983,0.3542050454260548,,
WirelessSemanticOnly_V3,97,binary,0.6175438596491228,0.5535738737505135,0.5384169626008529,0.5656408325345748,0.347428965367613
WirelessSemanticOnly_V3,97,4class,0.42280701754385963,0.3040471295756497,0.25012584999328263,,
RawWirelessPlusOptical,97,binary,0.7631578947368421,0.6280809256469944,0.6381803220876925,0.7229220868136382,0.439449658301292
RawWirelessPlusOptical,97,4class,0.7,0.48152825933539933,0.42253406213381,,
V1PlusOptical,97,binary,0.7666666666666667,0.6355436122141586,0.6457658718477087,0.7021429549500205,0.4509032057806931
V1PlusOptical,97,4class,0.6649122807017543,0.4268923936055967,0.38383969960048614,,
V2PlusOptical,97,binary,0.7596491228070176,0.638710119129125,0.6459643380136102,0.7053436943721758,0.438882065452886
V2PlusOptical,97,4class,0.6491228070175439,0.42013132459881564,0.37462255536321515,,
V3PlusOptical,97,binary,0.7859649122807018,0.6352355196494591,0.6515752765752766,0.6924722716691771,0.4395027495241116
V3PlusOptical,97,4class,0.6929824561403509,0.49526850459738375,0.46057642161547374,,
PCA3PlusOptical,97,binary,0.7701754385964912,0.5809769957551691,0.5880480417524095,0.6468061070792825,0.4030424918093437
PCA3PlusOptical,97,4class,0.6421052631578947,0.4610057224387101,0.39433853817415465,,
V3NoNoisePlusOptical,97,binary,0.7666666666666667,0.6432972750924277,0.6522014396410531,0.70055114336574,0.4512082238869545
V3NoNoisePlusOptical,97,4class,0.6947368421052632,0.46275121966186983,0.40849858071499723,,
V3_8DPlusOptical,97,binary,0.7385964912280701,0.6249486512392167,0.6277922157604336,0.7051896480898262,0.4309574645219912
V3_8DPlusOptical,97,4class,0.6666666666666666,0.4621569860800017,0.4382624077082625,,
