method,task,runs,accuracy_mean,accuracy_std,accuracy_ci95,balanced_accuracy_mean,balanced_accuracy_std,balanced_accuracy_ci95,macro_f1_mean,macro_f1_std,macro_f1_ci95,auroc_mean,auroc_std,auroc_ci95,auprc_mean,auprc_std,auprc_ci95
Majority,4class,10,0.7649122807017543,1.1702778228589004e-16,7.253457094217689e-17,0.25,0.0,0.0,0.21669980119284293,0.0,0.0,,0.0,0.0,,0.0,0.0
Majority,binary,10,0.7649122807017543,1.1702778228589004e-16,7.253457094217689e-17,0.5,0.0,0.0,0.43339960238568587,0.0,0.0,0.5,0.0,0.0,0.2350877192982456,2.925694557147251e-17,1.8133642735544223e-17
OpticalOnly,4class,10,0.4563157894736841,0.015526288256712852,0.009623293161909388,0.3881983267364201,0.020794568143658782,0.012888606865534075,0.3284523796569822,0.028495403156899194,0.01766163385682855,,0.0,0.0,,0.0,0.0
OpticalOnly,binary,10,0.7817543859649122,0.0020592768259250368,0.0012763530001341377,0.552362042996029,0.003515711635484413,0.002179060647439333,0.5390347986693225,0.005770233443026376,0.0035764277409244005,0.5728211009174312,0.004447527843777063,0.002756606316897197,0.3432073490466017,0.004076593972699685,0.0025266991216912737
PCA3PlusOptical,4class,10,0.6229824561403509,0.026944408747473596,0.016700317562321917,0.443671067165782,0.011014920095468263,0.006827118206302051,0.382943114189027,0.0072148608717239465,0.004471817097751616,,0.0,0.0,,0.0,0.0
PCA3PlusOptical,binary,10,0.7728070175438597,0.005744702545142821,0.0035606035264722437,0.5806295358072026,0.009909603130433788,0.006142035653699059,0.5872038299308824,0.013094232646269324,0.008115889477371612,0.6435950979049705,0.00796544256564113,0.004937032451421524,0.39521326493206455,0.008746047320168116,0.005420856290847258
RawWirelessPlusOptical,4class,10,0.7045614035087719,0.007360062092422138,0.004561813746734458,0.4678233638120954,0.0122721309506588,0.007606345567394135,0.41610209136803994,0.008166907583152671,0.00506190176296123,,0.0,0.0,,0.0,0.0
RawWirelessPlusOptical,binary,10,0.7598245614035088,0.0037399478258057384,0.0023180436781091943,0.6233174722716692,0.006869247526238174,0.004257603726900416,0.6329160612103897,0.007113882873762395,0.004409230286195637,0.7235382719430372,0.004393675582093174,0.002723228339298986,0.42952325933743507,0.008043203887840165,0.004985229418256496
StratifiedRandom,4class,10,0.5650877192982456,0.017078626734180775,0.010585442518419445,0.24901106389289476,0.021677383700608618,0.013435781616637225,0.24266059706709658,0.01631656632574537,0.010113112583781805,,0.0,0.0,,0.0,0.0
StratifiedRandom,binary,10,0.6035087719298247,0.01864020754445524,0.011553320332151645,0.5100249897302479,0.02652351020374752,0.016439441942165532,0.5046089465912708,0.023684290987188675,0.01467967563999995,0.5,0.0,0.0,0.2350877192982456,2.925694557147251e-17,1.8133642735544223e-17
V1PlusOptical,4class,10,0.6636842105263159,0.006301152630199263,0.003905494862374909,0.4216894618146115,0.008975609036458814,0.005563140116710231,0.38230385430009217,0.0053264057216904715,0.003301340469248183,,0.0,0.0,,0.0,0.0
V1PlusOptical,binary,10,0.7659649122807017,0.0032243388893777886,0.0019984659483835345,0.6356018074763796,0.006638783628479581,0.00411476072317038,0.6455218667088138,0.0064899956301023905,0.004022540966349986,0.7029867862522252,0.003556494547424988,0.002204338158143207,0.440237781568208,0.008827112462902216,0.005471100986864993
V2PlusOptical,4class,10,0.6552631578947368,0.025142798627725917,0.01558366804125569,0.43446618698413675,0.02540033974503802,0.01574329367953846,0.39577062893405357,0.028300380087038206,0.017540757305808934,,0.0,0.0,,0.0,0.0
V2PlusOptical,binary,10,0.7566666666666666,0.01386470655622727,0.00859343415427932,0.6297822812542792,0.006056602451475165,0.003753921091248907,0.6374014416780694,0.007048663742684121,0.004368807049955651,0.6953426673969602,0.011276919843234076,0.006989507332370649,0.43033453983816755,0.010386192018686258,0.006437428507002492
V3NoNoisePlusOptical,4class,10,0.6754385964912281,0.016015279459215378,0.00992637304922514,0.44440924386077957,0.014600948931891787,0.009049761906417828,0.40407060915727494,0.017555957209773806,0.010881295012318581,,0.0,0.0,,0.0,0.0
V3NoNoisePlusOptical,binary,10,0.7752631578947368,0.004563652167281084,0.0028285809182849076,0.6344430371080378,0.007701971996127687,0.00477373170058902,0.6473299734900679,0.006843998071682595,0.004241953952830198,0.6987248391072163,0.006325870576000837,0.0039208152039063695,0.44737527758268325,0.007063680953314195,0.0043781148135355824
V3PlusOptical,4class,10,0.6750877192982456,0.016307298299820697,0.010107368201800056,0.4316596734272243,0.029687703579925003,0.01840062931524954,0.3954812624349883,0.029906032287302237,0.018535950850056382,,0.0,0.0,,0.0,0.0
V3PlusOptical,binary,10,0.7733333333333332,0.008546819137518168,0.0052973733839183626,0.6331815692181296,0.008534241014238445,0.005289577382340517,0.6456619653084108,0.008688642501833339,0.005385276415824464,0.6983037792687937,0.0046197825741866256,0.0028633709049203644,0.44785291145005035,0.010977835393167984,0.006804132869680892
V3_8DPlusOptical,4class,10,0.6536842105263159,0.02546647662224967,0.015784285740725122,0.43858703323003284,0.019563307908751215,0.01212546386553251,0.39942209424784547,0.026276071491557876,0.016286077839449176,,0.0,0.0,,0.0,0.0
V3_8DPlusOptical,binary,10,0.7614035087719297,0.010783092932506299,0.006683430242044905,0.6308109680953032,0.00790564345544678,0.0048999685789294775,0.6399226743594381,0.009011647150298454,0.005585476771082932,0.7005032178556758,0.011740268903349164,0.007276694055176393,0.4356079210208558,0.01859642637050356,0.011526184479400271
WirelessSemanticOnly_V3,4class,10,0.432280701754386,0.047380692945030896,0.02936685773738027,0.3011666564388942,0.023497760144702236,0.014564062626039008,0.2479879899959811,0.014756803071342006,0.009146361302849754,,0.0,0.0,,0.0,0.0
WirelessSemanticOnly_V3,binary,10,0.6366666666666666,0.030627311586891276,0.018983004391559515,0.5934701492537313,0.02086233683092191,0.012930610333069137,0.568697408720944,0.022217566784638956,0.013770590560847104,0.6169707654388608,0.022479414736393845,0.01393288560277339,0.3797868496618324,0.017178528217476,0.01064736209927251
