time_s,cpe_id,distance_m,irradiance_angle_rad,incidence_angle_rad,in_fov,lambertian_order,h_los,received_optical_power_w,signal_current_a,shot_variance_a2,thermal_variance_a2,snr,ber,per,packet_count,corrupted_packets
1.000084e+00,1,3.174576e+00,8.892362e-01,8.892362e-01,0,1.000000e+00,0.000000e+00,0.000000e+00,0.000000e+00,4.902661e-19,4.887497e-21,0.000000e+00,5.000000e-01,1.000000e+00,1,1
1.000084e+00,2,2.024501e+00,1.557353e-01,1.557353e-01,1,1.000000e+00,4.127486e-05,4.127486e-04,2.063743e-04,2.032915e-17,4.887497e-21,2.094535e+09,0.000000e+00,0.000000e+00,1,0
1.000084e+00,3,2.442633e+00,6.114984e-01,6.114984e-01,1,1.000000e+00,1.947714e-05,1.947714e-04,9.738568e-05,9.852009e-18,4.887497e-21,9.621659e+08,0.000000e+00,0.000000e+00,1,0
1.100846e+00,1,3.368596e+00,9.351234e-01,9.351234e-01,0,1.000000e+00,0.000000e+00,0.000000e+00,0.000000e+00,4.902661e-19,4.887497e-21,0.000000e+00,5.000000e-01,1.000000e+00,124,124
1.100846e+00,2,2.054876e+00,2.316254e-01,2.316254e-01,1,1.000000e+00,3.888793e-05,3.888793e-04,1.944397e-04,1.918187e-17,4.887497e-21,1.970463e+09,0.000000e+00,0.000000e+00,124,0
1.100846e+00,3,2.293183e+00,5.112161e-01,5.112161e-01,1,1.000000e+00,2.507280e-05,2.507280e-04,1.253640e-04,1.254158e-17,4.887497e-21,1.252634e+09,0.000000e+00,0.000000e+00,124,0
1.201608e+00,1,3.577667e+00,9.775886e-01,9.775886e-01,0,1.000000e+00,0.000000e+00,0.000000e+00,0.000000e+00,4.902661e-19,4.887497e-21,0.000000e+00,5.000000e-01,1.000000e+00,247,247
1.201608e+00,2,2.128187e+00,3.488488e-01,3.488488e-01,1,1.000000e+00,3.380011e-05,3.380011e-04,1.690006e-04,1.673639e-17,4.887497e-21,1.706034e+09,0.000000e+00,0.000000e+00,247,0
1.201608e+00,3,2.175701e+00,4.046406e-01,4.046406e-01,1,1.000000e+00,3.094288e-05,3.094288e-04,1.547144e-04,1.536306e-17,4.887497e-21,1.557564e+09,0.000000e+00,0.000000e+00,247,0
1.302369e+00,1,3.673167e+00,9.950162e-01,9.950162e-01,0,1.000000e+00,0.000000e+00,0.000000e+00,0.000000e+00,4.902661e-19,4.887497e-21,0.000000e+00,5.000000e-01,1.000000e+00,370,370
1.302369e+00,2,2.218863e+00,4.478907e-01,4.478907e-01,1,1.000000e+00,2.860459e-05,2.860459e-04,1.430229e-04,1.423915e-17,4.887497e-21,1.436079e+09,0.000000e+00,0.000000e+00,370,0
1.302369e+00,3,2.190381e+00,4.200143e-01,4.200143e-01,1,1.000000e+00,3.012166e-05,3.012166e-04,1.506083e-04,1.496833e-17,4.887497e-21,1.514895e+09,0.000000e+00,0.000000e+00,370,0
1.403131e+00,1,3.673742e+00,9.951179e-01,9.951179e-01,0,1.000000e+00,0.000000e+00,0.000000e+00,0.000000e+00,4.902661e-19,4.887497e-21,0.000000e+00,5.000000e-01,1.000000e+00,493,493
1.403131e+00,2,2.326427e+00,5.361389e-01,5.361389e-01,1,1.000000e+00,2.367009e-05,2.367009e-04,1.183504e-04,1.186737e-17,4.887497e-21,1.179795e+09,0.000000e+00,0.000000e+00,493,0
1.403131e+00,3,2.328114e+00,5.373572e-01,5.373572e-01,1,1.000000e+00,2.360155e-05,2.360155e-04,1.180078e-04,1.183442e-17,4.887497e-21,1.176237e+09,0.000000e+00,0.000000e+00,493,0
1.503892e+00,1,3.705874e+00,1.000735e+00,1.000735e+00,0,1.000000e+00,0.000000e+00,0.000000e+00,0.000000e+00,4.902661e-19,4.887497e-21,0.000000e+00,5.000000e-01,1.000000e+00,616,616
1.503892e+00,2,2.459678e+00,6.213134e-01,6.213134e-01,1,1.000000e+00,1.894282e-05,1.894282e-04,9.471411e-05,9.595190e-18,4.887497e-21,9.344469e+08,0.000000e+00,0.000000e+00,616,0
1.503892e+00,3,2.493889e+00,6.402267e-01,6.402267e-01,1,1.000000e+00,1.792459e-05,1.792459e-04,8.962296e-05,9.105774e-18,4.887497e-21,8.816345e+08,0.000000e+00,0.000000e+00,616,0
1.604654e+00,1,3.924430e+00,1.036044e+00,1.036044e+00,0,1.000000e+00,0.000000e+00,0.000000e+00,0.000000e+00,4.902661e-19,4.887497e-21,0.000000e+00,5.000000e-01,1.000000e+00,739,739
1.604654e+00,2,2.454914e+00,6.185978e-01,6.185978e-01,1,1.000000e+00,1.909028e-05,1.909028e-04,9.545141e-05,9.666067e-18,4.887497e-21,9.420964e+08,0.000000e+00,0.000000e+00,739,0
1.604654e+00,3,2.656870e+00,7.185434e-01,7.185434e-01,0,1.000000e+00,0.000000e+00,0.000000e+00,0.000000e+00,4.902661e-19,4.887497e-21,0.000000e+00,5.000000e-01,1.000000e+00,739,33
1.705416e+00,1,4.153499e+00,1.068406e+00,1.068406e+00,0,1.000000e+00,0.000000e+00,0.000000e+00,0.000000e+00,4.902661e-19,4.887497e-21,0.000000e+00,5.000000e-01,1.000000e+00,862,862
1.705416e+00,2,2.487156e+00,6.365836e-01,6.365836e-01,1,1.000000e+00,1.811947e-05,1.811947e-04,9.059736e-05,9.199444e-18,4.887497e-21,8.917412e+08,0.000000e+00,0.000000e+00,862,0
1.705416e+00,3,2.842744e+00,7.904217e-01,7.904217e-01,0,1.000000e+00,0.000000e+00,0.000000e+00,0.000000e+00,4.902661e-19,4.887497e-21,0.000000e+00,5.000000e-01,1.000000e+00,862,156
1.806177e+00,1,4.228543e+00,1.078131e+00,1.078131e+00,0,1.000000e+00,0.000000e+00,0.000000e+00,0.000000e+00,4.902661e-19,4.887497e-21,0.000000e+00,5.000000e-01,1.000000e+00,985,985
1.806177e+00,2,2.414863e+00,5.949004e-01,5.949004e-01,1,1.000000e+00,2.038861e-05,2.038861e-04,1.019431e-04,1.029011e-17,4.887497e-21,1.009460e+09,0.000000e+00,0.000000e+00,985,0
1.806177e+00,3,2.810851e+00,7.791254e-01,7.791254e-01,0,1.000000e+00,0.000000e+00,0.000000e+00,0.000000e+00,4.902661e-19,4.887497e-21,0.000000e+00,5.000000e-01,1.000000e+00,985,279
1.906939e+00,1,4.192609e+00,1.073524e+00,1.073524e+00,0,1.000000e+00,0.000000e+00,0.000000e+00,0.000000e+00,4.902661e-19,4.887497e-21,0.000000e+00,5.000000e-01,1.000000e+00,1108,1108
1.906939e+00,2,2.259908e+00,4.843197e-01,4.843197e-01,1,1.000000e+00,2.658244e-05,2.658244e-04,1.329122e-04,1.326720e-17,4.887497e-21,1.331039e+09,0.000000e+00,0.000000e+00,1108,0
1.906939e+00,3,2.608429e+00,6.970410e-01,6.970410e-01,1,1.000000e+00,1.497758e-05,1.497758e-04,7.488791e-05,7.689286e-18,4.887497e-21,7.288891e+08,0.000000e+00,0.000000e+00,1108,400
2.007700e+00,1,4.168006e+00,1.070317e+00,1.070317e+00,0,1.000000e+00,0.000000e+00,0.000000e+00,0.000000e+00,4.902661e-19,4.887497e-21,0.000000e+00,5.000000e-01,1.000000e+00,1231,1231
2.007700e+00,2,2.140339e+00,3.641368e-01,3.641368e-01,1,1.000000e+00,3.303905e-05,3.303905e-04,1.651953e-04,1.637059e-17,4.887497e-21,1.666485e+09,0.000000e+00,0.000000e+00,1231,0
2.007700e+00,3,2.432772e+00,6.056937e-01,6.056937e-01,1,1.000000e+00,1.979483e-05,1.979483e-04,9.897416e-05,1.000471e-17,4.887497e-21,9.786490e+08,0.000000e+00,0.000000e+00,1231,400
2.108462e+00,1,4.038801e+00,1.052735e+00,1.052735e+00,0,1.000000e+00,0.000000e+00,0.000000e+00,0.000000e+00,4.902661e-19,4.887497e-21,0.000000e+00,5.000000e-01,1.000000e+00,1354,1354
2.108462e+00,2,2.103554e+00,3.150790e-01,3.150790e-01,1,1.000000e+00,3.541139e-05,3.541139e-04,1.770570e-04,1.751086e-17,4.887497e-21,1.789771e+09,0.000000e+00,0.000000e+00,1354,0
2.108462e+00,3,2.358511e+00,5.586103e-01,5.586103e-01,1,1.000000e+00,2.240814e-05,2.240814e-04,1.120407e-04,1.126080e-17,4.887497e-21,1.114278e+09,0.000000e+00,0.000000e+00,1354,400
2.209224e+00,1,3.928652e+00,1.036680e+00,1.036680e+00,0,1.000000e+00,0.000000e+00,0.000000e+00,0.000000e+00,4.902661e-19,4.887497e-21,0.000000e+00,5.000000e-01,1.000000e+00,1477,1477
2.209224e+00,2,2.109877e+00,3.241475e-01,3.241475e-01,1,1.000000e+00,3.498881e-05,3.498881e-04,1.749440e-04,1.730774e-17,4.887497e-21,1.767809e+09,0.000000e+00,0.000000e+00,1477,0
2.209224e+00,3,2.321535e+00,5.325817e-01,5.325817e-01,1,1.000000e+00,2.387025e-05,2.387025e-04,1.193512e-04,1.196357e-17,4.887497e-21,1.190188e+09,0.000000e+00,0.000000e+00,1477,400
2.309985e+00,1,3.965218e+00,1.042126e+00,1.042126e+00,0,1.000000e+00,0.000000e+00,0.000000e+00,0.000000e+00,4.902661e-19,4.887497e-21,0.000000e+00,5.000000e-01,1.000000e+00,1600,1600
2.309985e+00,2,2.070890e+00,2.624075e-01,2.624075e-01,1,1.000000e+00,3.769896e-05,3.769896e-04,1.884948e-04,1.861038e-17,4.887497e-21,1.908664e+09,0.000000e+00,0.000000e+00,1600,0
2.309985e+00,3,2.371961e+00,5.676177e-01,5.676177e-01,1,1.000000e+00,2.190420e-05,2.190420e-04,1.095210e-04,1.101859e-17,4.887497e-21,1.088119e+09,0.000000e+00,0.000000e+00,1600,400
2.410747e+00,1,4.106449e+00,1.062100e+00,1.062100e+00,0,1.000000e+00,0.000000e+00,0.000000e+00,0.000000e+00,4.902661e-19,4.887497e-21,0.000000e+00,5.000000e-01,1.000000e+00,1723,1723
2.410747e+00,2,2.013753e+00,1.169406e-01,1.169406e-01,1,1.000000e+00,4.216309e-05,4.216309e-04,2.108155e-04,2.075608e-17,4.887497e-21,2.140707e+09,0.000000e+00,0.000000e+00,1723,0
2.410747e+00,3,2.489964e+00,6.381075e-01,6.381075e-01,1,1.000000e+00,1.803788e-05,1.803788e-04,9.018939e-05,9.160226e-18,4.887497e-21,8.875096e+08,0.000000e+00,0.000000e+00,1723,400
2.511508e+00,1,4.253753e+00,1.081309e+00,1.081309e+00,0,1.000000e+00,0.000000e+00,0.000000e+00,0.000000e+00,4.902661e-19,4.887497e-21,0.000000e+00,5.000000e-01,1.000000e+00,1846,1846
2.511508e+00,2,2.000169e+00,1.299252e-02,1.299252e-02,1,1.000000e+00,4.332026e-05,4.332026e-04,2.166013e-04,2.131228e-17,4.887497e-21,2.200861e+09,0.000000e+00,0.000000e+00,1846,0
2.511508e+00,3,2.630149e+00,7.068471e-01,7.068471e-01,0,1.000000e+00,0.000000e+00,0.000000e+00,0.000000e+00,4.902661e-19,4.887497e-21,0.000000e+00,5.000000e-01,1.000000e+00,1846,421
2.612270e+00,1,4.336017e+00,1.091390e+00,1.091390e+00,0,1.000000e+00,0.000000e+00,0.000000e+00,0.000000e+00,4.902661e-19,4.887497e-21,0.000000e+00,5.000000e-01,1.000000e+00,1969,1969
2.612270e+00,2,2.024519e+00,1.557925e-01,1.557925e-01,1,1.000000e+00,4.127338e-05,4.127338e-04,2.063669e-04,2.032844e-17,4.887497e-21,2.094458e+09,0.000000e+00,0.000000e+00,1969,0
2.612270e+00,3,2.741892e+00,7.533178e-01,7.533178e-01,0,1.000000e+00,0.000000e+00,0.000000e+00,0.000000e+00,4.902661e-19,4.887497e-21,0.000000e+00,5.000000e-01,1.000000e+00,1969,544
2.713032e+00,1,4.437390e+00,1.103230e+00,1.103230e+00,0,1.000000e+00,0.000000e+00,0.000000e+00,0.000000e+00,4.902661e-19,4.887497e-21,0.000000e+00,5.000000e-01,1.000000e+00,2092,2092
2.713032e+00,2,2.092709e+00,2.987714e-01,2.987714e-01,1,1.000000e+00,3.615113e-05,3.615113e-04,1.807557e-04,1.786642e-17,4.887497e-21,1.828216e+09,0.000000e+00,0.000000e+00,2092,0
2.713032e+00,3,2.881148e+00,8.035334e-01,8.035334e-01,0,1.000000e+00,0.000000e+00,0.000000e+00,0.000000e+00,4.902661e-19,4.887497e-21,0.000000e+00,5.000000e-01,1.000000e+00,2092,667
2.813793e+00,1,4.639956e+00,1.125153e+00,1.125153e+00,0,1.000000e+00,0.000000e+00,0.000000e+00,0.000000e+00,4.902661e-19,4.887497e-21,0.000000e+00,5.000000e-01,1.000000e+00,2215,2215
2.813793e+00,2,2.116887e+00,3.338625e-01,3.338625e-01,1,1.000000e+00,3.452766e-05,3.452766e-04,1.726383e-04,1.708609e-17,4.887497e-21,1.743843e+09,0.000000e+00,0.000000e+00,2215,0
2.813793e+00,3,2.833823e+00,7.873003e-01,7.873003e-01,0,1.000000e+00,0.000000e+00,0.000000e+00,0.000000e+00,4.902661e-19,4.887497e-21,0.000000e+00,5.000000e-01,1.000000e+00,2215,790
2.914555e+00,1,4.898467e+00,1.150215e+00,1.150215e+00,0,1.000000e+00,0.000000e+00,0.000000e+00,0.000000e+00,4.902661e-19,4.887497e-21,0.000000e+00,5.000000e-01,1.000000e+00,2338,2338
2.914555e+00,2,2.134505e+00,3.568976e-01,3.568976e-01,1,1.000000e+00,3.340170e-05,3.340170e-04,1.670085e-04,1.654489e-17,4.887497e-21,1.685330e+09,0.000000e+00,0.000000e+00,2338,0
2.914555e+00,3,2.688200e+00,7.317710e-01,7.317710e-01,0,1.000000e+00,0.000000e+00,0.000000e+00,0.000000e+00,4.902661e-19,4.887497e-21,0.000000e+00,5.000000e-01,1.000000e+00,2338,913
3.015316e+00,1,5.102115e+00,1.167998e+00,1.167998e+00,0,1.000000e+00,0.000000e+00,0.000000e+00,0.000000e+00,4.902661e-19,4.887497e-21,0.000000e+00,5.000000e-01,1.000000e+00,2461,2461
3.015316e+00,2,2.200199e+00,4.298967e-01,4.298967e-01,1,1.000000e+00,2.958762e-05,2.958762e-04,1.479381e-04,1.471164e-17,4.887497e-21,1.487150e+09,0.000000e+00,0.000000e+00,2461,0
3.015316e+00,3,2.564026e+00,6.760935e-01,6.760935e-01,1,1.000000e+00,1.604234e-05,1.604234e-04,8.021169e-05,8.201064e-18,4.887497e-21,7.840548e+08,0.000000e+00,0.000000e+00,2461,989
3.116078e+00,1,4.983684e+00,1.157850e+00,1.157850e+00,0,1.000000e+00,0.000000e+00,0.000000e+00,0.000000e+00,4.902661e-19,4.887497e-21,0.000000e+00,5.000000e-01,1.000000e+00,2584,2584
3.116078e+00,2,2.336578e+00,5.434059e-01,5.434059e-01,1,1.000000e+00,2.326144e-05,2.326144e-04,1.163072e-04,1.167094e-17,4.887497e-21,1.158578e+09,0.000000e+00,0.000000e+00,2584,0
3.116078e+00,3,2.435758e+00,6.074617e-01,6.074617e-01,1,1.000000e+00,1.969794e-05,1.969794e-04,9.848969e-05,9.958139e-18,4.887497e-21,9.736217e+08,0.000000e+00,0.000000e+00,2584,989
3.216840e+00,1,4.881125e+00,1.148626e+00,1.148626e+00,0,1.000000e+00,0.000000e+00,0.000000e+00,0.000000e+00,4.902661e-19,4.887497e-21,0.000000e+00,5.000000e-01,1.000000e+00,2707,2707
3.216840e+00,2,2.502213e+00,6.446796e-01,6.446796e-01,1,1.000000e+00,1.768725e-05,1.768725e-04,8.843625e-05,8.991696e-18,4.887497e-21,8.693267e+08,0.000000e+00,0.000000e+00,2707,0
3.216840e+00,3,2.339735e+00,5.456354e-01,5.456354e-01,1,1.000000e+00,2.313615e-05,2.313615e-04,1.156807e-04,1.161072e-17,4.887497e-21,1.152073e+09,0.000000e+00,0.000000e+00,2707,989
3.317601e+00,1,4.914665e+00,1.151689e+00,1.151689e+00,0,1.000000e+00,0.000000e+00,0.000000e+00,0.000000e+00,4.902661e-19,4.887497e-21,0.000000e+00,5.000000e-01,1.000000e+00,2830,2830
3.317601e+00,2,2.505249e+00,6.462894e-01,6.462894e-01,1,1.000000e+00,1.760169e-05,1.760169e-04,8.800843e-05,8.950569e-18,4.887497e-21,8.648898e+08,0.000000e+00,0.000000e+00,2830,0
3.317601e+00,3,2.370732e+00,5.668039e-01,5.668039e-01,1,1.000000e+00,2.194967e-05,2.194967e-04,1.097483e-04,1.104044e-17,4.887497e-21,1.090479e+09,0.000000e+00,0.000000e+00,2830,989
3.418363e+00,1,5.023249e+00,1.161299e+00,1.161299e+00,0,1.000000e+00,0.000000e+00,0.000000e+00,0.000000e+00,4.902661e-19,4.887497e-21,0.000000e+00,5.000000e-01,1.000000e+00,2953,2953
3.418363e+00,2,2.449262e+00,6.153482e-01,6.153482e-01,1,1.000000e+00,1.926711e-05,1.926711e-04,9.633556e-05,9.751061e-18,4.887497e-21,9.512699e+08,0.000000e+00,0.000000e+00,2953,0
3.418363e+00,3,2.481138e+00,6.332952e-01,6.332952e-01,1,1.000000e+00,1.829591e-05,1.829591e-04,9.147955e-05,9.284250e-18,4.887497e-21,9.008919e+08,0.000000e+00,0.000000e+00,2953,989
3.519124e+00,1,5.167607e+00,1.173392e+00,1.173392e+00,0,1.000000e+00,0.000000e+00,0.000000e+00,0.000000e+00,4.902661e-19,4.887497e-21,0.000000e+00,5.000000e-01,1.000000e+00,3076,3076
3.519124e+00,2,2.444606e+00,6.126488e-01,6.126488e-01,1,1.000000e+00,1.941431e-05,1.941431e-04,9.707157e-05,9.821814e-18,4.887497e-21,9.589067e+08,0.000000e+00,0.000000e+00,3076,0
3.519124e+00,3,2.559744e+00,6.740052e-01,6.740052e-01,1,1.000000e+00,1.614997e-05,1.614997e-04,8.074984e-05,8.252797e-18,4.887497e-21,7.896327e+08,0.000000e+00,0.000000e+00,3076,989
3.619886e+00,1,5.408458e+00,1.192012e+00,1.192012e+00,0,1.000000e+00,0.000000e+00,0.000000e+00,0.000000e+00,4.902661e-19,4.887497e-21,0.000000e+00,5.000000e-01,1.000000e+00,3199,3199
3.619886e+00,2,2.538262e+00,6.633386e-01,6.633386e-01,1,1.000000e+00,1.670368e-05,1.670368e-04,8.351840e-05,8.518940e-18,4.887497e-21,8.183323e+08,0.000000e+00,0.000000e+00,3199,0
3.619886e+00,3,2.399156e+00,5.851547e-01,5.851547e-01,1,1.000000e+00,2.092782e-05,2.092782e-04,1.046391e-04,1.054929e-17,4.887497e-21,1.037442e+09,0.000000e+00,0.000000e+00,3199,989
3.720648e+00,1,5.655212e+00,1.209319e+00,1.209319e+00,0,1.000000e+00,0.000000e+00,0.000000e+00,0.000000e+00,4.902661e-19,4.887497e-21,0.000000e+00,5.000000e-01,1.000000e+00,3322,3322
3.720648e+00,2,2.663118e+00,7.212219e-01,7.212219e-01,0,1.000000e+00,0.000000e+00,0.000000e+00,0.000000e+00,4.902661e-19,4.887497e-21,0.000000e+00,5.000000e-01,1.000000e+00,3322,49
3.720648e+00,3,2.267677e+00,4.907921e-01,4.907921e-01,1,1.000000e+00,2.622001e-05,2.622001e-04,1.311000e-04,1.309299e-17,4.887497e-21,1.312214e+09,0.000000e+00,0.000000e+00,3322,989
3.821409e+00,1,5.730696e+00,1.214295e+00,1.214295e+00,0,1.000000e+00,0.000000e+00,0.000000e+00,0.000000e+00,4.902661e-19,4.887497e-21,0.000000e+00,5.000000e-01,1.000000e+00,3445,3445
3.821409e+00,2,2.676570e+00,7.269199e-01,7.269199e-01,0,1.000000e+00,0.000000e+00,0.000000e+00,0.000000e+00,4.902661e-19,4.887497e-21,0.000000e+00,5.000000e-01,1.000000e+00,3445,172
3.821409e+00,3,2.156148e+00,3.829135e-01,3.829135e-01,1,1.000000e+00,3.208065e-05,3.208065e-04,1.604033e-04,1.590993e-17,4.887497e-21,1.616683e+09,0.000000e+00,0.000000e+00,3445,989
3.922171e+00,1,5.747963e+00,1.215413e+00,1.215413e+00,0,1.000000e+00,0.000000e+00,0.000000e+00,0.000000e+00,4.902661e-19,4.887497e-21,0.000000e+00,5.000000e-01,1.000000e+00,3568,3568
3.922171e+00,2,2.665723e+00,7.223327e-01,7.223327e-01,0,1.000000e+00,0.000000e+00,0.000000e+00,0.000000e+00,4.902661e-19,4.887497e-21,0.000000e+00,5.000000e-01,1.000000e+00,3568,295
3.922171e+00,3,2.076688e+00,2.726081e-01,2.726081e-01,1,1.000000e+00,3.727972e-05,3.727972e-04,1.863986e-04,1.840887e-17,4.887497e-21,1.886873e+09,0.000000e+00,0.000000e+00,3568,989
4.022932e+00,1,5.808832e+00,1.219300e+00,1.219300e+00,0,1.000000e+00,0.000000e+00,0.000000e+00,0.000000e+00,4.902661e-19,4.887497e-21,0.000000e+00,5.000000e-01,1.000000e+00,3691,3691
4.022932e+00,2,2.638289e+00,7.104520e-01,7.104520e-01,0,1.000000e+00,0.000000e+00,0.000000e+00,0.000000e+00,4.902661e-19,4.887497e-21,0.000000e+00,5.000000e-01,1.000000e+00,3691,418
4.022932e+00,3,2.058828e+00,2.396282e-01,2.396282e-01,1,1.000000e+00,3.859020e-05,3.859020e-04,1.929510e-04,1.903876e-17,4.887497e-21,1.954987e+09,0.000000e+00,0.000000e+00,3691,989
4.123694e+00,1,5.976893e+00,1.229592e+00,1.229592e+00,0,1.000000e+00,0.000000e+00,0.000000e+00,0.000000e+00,4.902661e-19,4.887497e-21,0.000000e+00,5.000000e-01,1.000000e+00,3814,3814
4.123694e+00,2,2.465848e+00,6.248000e-01,6.248000e-01,1,1.000000e+00,1.875395e-05,1.875395e-04,9.376973e-05,9.504406e-18,4.887497e-21,9.246493e+08,0.000000e+00,0.000000e+00,3814,436
4.123694e+00,3,2.149015e+00,3.745862e-01,3.745862e-01,1,1.000000e+00,3.250874e-05,3.250874e-04,1.625437e-04,1.611569e-17,4.887497e-21,1.638927e+09,0.000000e+00,0.000000e+00,3814,989
4.224456e+00,1,6.155220e+00,1.239861e+00,1.239861e+00,0,1.000000e+00,0.000000e+00,0.000000e+00,0.000000e+00,4.902661e-19,4.887497e-21,0.000000e+00,5.000000e-01,1.000000e+00,3937,3937
4.224456e+00,2,2.320128e+00,5.315523e-01,5.315523e-01,1,1.000000e+00,2.392818e-05,2.392818e-04,1.196409e-04,1.199142e-17,4.887497e-21,1.193196e+09,0.000000e+00,0.000000e+00,3937,436
4.224456e+00,3,2.276072e+00,4.976503e-01,4.976503e-01,1,1.000000e+00,2.583529e-05,2.583529e-04,1.291764e-04,1.290808e-17,4.887497e-21,1.292233e+09,0.000000e+00,0.000000e+00,3937,989
4.325217e+00,1,5.991093e+00,1.230434e+00,1.230434e+00,0,1.000000e+00,0.000000e+00,0.000000e+00,0.000000e+00,4.902661e-19,4.887497e-21,0.000000e+00,5.000000e-01,1.000000e+00,4060,4060
4.325217e+00,2,2.264482e+00,4.881451e-01,4.881451e-01,1,1.000000e+00,2.636831e-05,2.636831e-04,1.318416e-04,1.316427e-17,4.887497e-21,1.319917e+09,0.000000e+00,0.000000e+00,4060,436
4.325217e+00,3,2.373210e+00,5.684422e-01,5.684422e-01,1,1.000000e+00,2.185814e-05,2.185814e-04,1.092907e-04,1.099645e-17,4.887497e-21,1.085728e+09,0.000000e+00,0.000000e+00,4060,989
4.425979e+00,1,5.710392e+00,1.212970e+00,1.212970e+00,0,1.000000e+00,0.000000e+00,0.000000e+00,0.000000e+00,4.902661e-19,4.887497e-21,0.000000e+00,5.000000e-01,1.000000e+00,4183,4183
4.425979e+00,2,2.267963e+00,4.910276e-01,4.910276e-01,1,1.000000e+00,2.620681e-05,2.620681e-04,1.310340e-04,1.308665e-17,4.887497e-21,1.311528e+09,0.000000e+00,0.000000e+00,4183,436
4.425979e+00,3,2.483316e+00,6.344892e-01,6.344892e-01,1,1.000000e+00,1.823179e-05,1.823179e-04,9.115896e-05,9.253431e-18,4.887497e-21,8.975664e+08,0.000000e+00,0.000000e+00,4183,989
4.526740e+00,1,5.566239e+00,1.203269e+00,1.203269e+00,0,1.000000e+00,0.000000e+00,0.000000e+00,0.000000e+00,4.902661e-19,4.887497e-21,0.000000e+00,5.000000e-01,1.000000e+00,4306,4306
4.526740e+00,2,2.268911e+00,4.918090e-01,4.918090e-01,1,1.000000e+00,2.616300e-05,2.616300e-04,1.308150e-04,1.306559e-17,4.887497e-21,1.309253e+09,0.000000e+00,0.000000e+00,4306,436
4.526740e+00,3,2.616915e+00,7.009055e-01,7.009055e-01,0,1.000000e+00,0.000000e+00,0.000000e+00,0.000000e+00,4.902661e-19,4.887497e-21,0.000000e+00,5.000000e-01,1.000000e+00,4306,995
4.627502e+00,1,5.798867e+00,1.218669e+00,1.218669e+00,0,1.000000e+00,0.000000e+00,0.000000e+00,0.000000e+00,4.902661e-19,4.887497e-21,0.000000e+00,5.000000e-01,1.000000e+00,4429,4429
4.627502e+00,2,2.190290e+00,4.199212e-01,4.199212e-01,1,1.000000e+00,3.012667e-05,3.012667e-04,1.506333e-04,1.497074e-17,4.887497e-21,1.515155e+09,0.000000e+00,0.000000e+00,4429,436
4.627502e+00,3,2.759066e+00,7.599318e-01,7.599318e-01,0,1.000000e+00,0.000000e+00,0.000000e+00,0.000000e+00,4.902661e-19,4.887497e-21,0.000000e+00,5.000000e-01,1.000000e+00,4429,1118
4.728264e+00,1,6.037669e+00,1.233164e+00,1.233164e+00,0,1.000000e+00,0.000000e+00,0.000000e+00,0.000000e+00,4.902661e-19,4.887497e-21,0.000000e+00,5.000000e-01,1.000000e+00,4552,4552
4.728264e+00,2,2.151635e+00,3.776724e-01,3.776724e-01,1,1.000000e+00,3.235064e-05,3.235064e-04,1.617532e-04,1.603970e-17,4.887497e-21,1.630712e+09,0.000000e+00,0.000000e+00,4552,436
4.728264e+00,3,2.925644e+00,8.180987e-01,8.180987e-01,0,1.000000e+00,0.000000e+00,0.000000e+00,0.000000e+00,4.902661e-19,4.887497e-21,0.000000e+00,5.000000e-01,1.000000e+00,4552,1241
4.829025e+00,1,5.953752e+00,1.228212e+00,1.228212e+00,0,1.000000e+00,0.000000e+00,0.000000e+00,0.000000e+00,4.902661e-19,4.887497e-21,0.000000e+00,5.000000e-01,1.000000e+00,4675,4675
4.829025e+00,2,2.083018e+00,2.832740e-01,2.832740e-01,1,1.000000e+00,3.682866e-05,3.682866e-04,1.841433e-04,1.819207e-17,4.887497e-21,1.863430e+09,0.000000e+00,0.000000e+00,4675,436
4.829025e+00,3,2.807274e+00,7.778343e-01,7.778343e-01,0,1.000000e+00,0.000000e+00,0.000000e+00,0.000000e+00,4.902661e-19,4.887497e-21,0.000000e+00,5.000000e-01,1.000000e+00,4675,1364
4.929787e+00,1,5.789568e+00,1.218079e+00,1.218079e+00,0,1.000000e+00,0.000000e+00,0.000000e+00,0.000000e+00,4.902661e-19,4.887497e-21,0.000000e+00,5.000000e-01,1.000000e+00,4798,4798
4.929787e+00,2,2.036447e+00,1.894770e-01,1.894770e-01,1,1.000000e+00,4.031490e-05,4.031490e-04,2.015745e-04,1.986774e-17,4.887497e-21,2.044635e+09,0.000000e+00,0.000000e+00,4798,436
4.929787e+00,3,2.624412e+00,7.042839e-01,7.042839e-01,0,1.000000e+00,0.000000e+00,0.000000e+00,0.000000e+00,4.902661e-19,4.887497e-21,0.000000e+00,5.000000e-01,1.000000e+00,4798,1487
5.030548e+00,1,5.749728e+00,1.215527e+00,1.215527e+00,0,1.000000e+00,0.000000e+00,0.000000e+00,0.000000e+00,4.902661e-19,4.887497e-21,0.000000e+00,5.000000e-01,1.000000e+00,4921,4921
5.030548e+00,2,2.033595e+00,1.820191e-01,1.820191e-01,1,1.000000e+00,4.054153e-05,4.054153e-04,2.027077e-04,1.997667e-17,4.887497e-21,2.056416e+09,0.000000e+00,0.000000e+00,4921,436
5.030548e+00,3,2.547259e+00,6.678456e-01,6.678456e-01,1,1.000000e+00,1.646893e-05,1.646893e-04,8.234463e-05,8.406104e-18,4.887497e-21,8.061638e+08,0.000000e+00,0.000000e+00,4921,1496
5.131310e+00,1,5.978062e+00,1.229662e+00,1.229662e+00,0,1.000000e+00,0.000000e+00,0.000000e+00,0.000000e+00,4.902661e-19,4.887497e-21,0.000000e+00,5.000000e-01,1.000000e+00,5044,5044
5.131310e+00,2,2.073856e+00,2.676795e-01,2.676795e-01,1,1.000000e+00,3.748379e-05,3.748379e-04,1.874189e-04,1.850696e-17,4.887497e-21,1.897480e+09,0.000000e+00,0.000000e+00,5044,436
5.131310e+00,3,2.686640e+00,7.311243e-01,7.311243e-01,0,1.000000e+00,0.000000e+00,0.000000e+00,0.000000e+00,4.902661e-19,4.887497e-21,0.000000e+00,5.000000e-01,1.000000e+00,5044,1560
5.232072e+00,1,6.212715e+00,1.243039e+00,1.243039e+00,0,1.000000e+00,0.000000e+00,0.000000e+00,0.000000e+00,4.902661e-19,4.887497e-21,0.000000e+00,5.000000e-01,1.000000e+00,5167,5167
5.232072e+00,2,2.156154e+00,3.829203e-01,3.829203e-01,1,1.000000e+00,3.208030e-05,3.208030e-04,1.604015e-04,1.590976e-17,4.887497e-21,1.616665e+09,0.000000e+00,0.000000e+00,5167,436
5.232072e+00,3,2.851368e+00,7.934116e-01,7.934116e-01,0,1.000000e+00,0.000000e+00,0.000000e+00,0.000000e+00,4.902661e-19,4.887497e-21,0.000000e+00,5.000000e-01,1.000000e+00,5167,1683
5.332833e+00,1,6.177523e+00,1.241101e+00,1.241101e+00,0,1.000000e+00,0.000000e+00,0.000000e+00,0.000000e+00,4.902661e-19,4.887497e-21,0.000000e+00,5.000000e-01,1.000000e+00,5290,5290
5.332833e+00,2,2.090205e+00,2.948555e-01,2.948555e-01,1,1.000000e+00,3.632474e-05,3.632474e-04,1.816237e-04,1.794986e-17,4.887497e-21,1.837239e+09,0.000000e+00,0.000000e+00,5290,436
5.332833e+00,3,3.052497e+00,8.563474e-01,8.563474e-01,0,1.000000e+00,0.000000e+00,0.000000e+00,0.000000e+00,4.902661e-19,4.887497e-21,0.000000e+00,5.000000e-01,1.000000e+00,5290,1806
5.433595e+00,1,6.095524e+00,1.236495e+00,1.236495e+00,0,1.000000e+00,0.000000e+00,0.000000e+00,0.000000e+00,4.902661e-19,4.887497e-21,0.000000e+00,5.000000e-01,1.000000e+00,5413,5413
5.433595e+00,2,2.023894e+00,1.538124e-01,1.538124e-01,1,1.000000e+00,4.132443e-05,4.132443e-04,2.066221e-04,2.035298e-17,4.887497e-21,2.097111e+09,0.000000e+00,0.000000e+00,5413,436
5.433595e+00,3,3.272299e+00,9.132318e-01,9.132318e-01,0,1.000000e+00,0.000000e+00,0.000000e+00,0.000000e+00,4.902661e-19,4.887497e-21,0.000000e+00,5.000000e-01,1.000000e+00,5413,1929
5.534356e+00,1,6.141651e+00,1.239102e+00,1.239102e+00,0,1.000000e+00,0.000000e+00,0.000000e+00,0.000000e+00,4.902661e-19,4.887497e-21,0.000000e+00,5.000000e-01,1.000000e+00,5536,5536
5.534356e+00,2,2.011990e+00,1.092249e-01,1.092249e-01,1,1.000000e+00,4.231113e-05,4.231113e-04,2.115557e-04,2.082724e-17,4.887497e-21,2.148403e+09,0.000000e+00,0.000000e+00,5536,436
5.534356e+00,3,3.501460e+00,9.628411e-01,9.628411e-01,0,1.000000e+00,0.000000e+00,0.000000e+00,0.000000e+00,4.902661e-19,4.887497e-21,0.000000e+00,5.000000e-01,1.000000e+00,5536,2052
5.635118e+00,1,6.414830e+00,1.253733e+00,1.253733e+00,0,1.000000e+00,0.000000e+00,0.000000e+00,0.000000e+00,4.902661e-19,4.887497e-21,0.000000e+00,5.000000e-01,1.000000e+00,5659,5659
5.635118e+00,2,2.064950e+00,2.514744e-01,2.514744e-01,1,1.000000e+00,3.813465e-05,3.813465e-04,1.906732e-04,1.881980e-17,4.887497e-21,1.931309e+09,0.000000e+00,0.000000e+00,5659,436
5.635118e+00,3,3.735680e+00,1.005841e+00,1.005841e+00,0,1.000000e+00,0.000000e+00,0.000000e+00,0.000000e+00,4.902661e-19,4.887497e-21,0.000000e+00,5.000000e-01,1.000000e+00,5659,2175
5.735880e+00,1,6.690514e+00,1.267224e+00,1.267224e+00,0,1.000000e+00,0.000000e+00,0.000000e+00,0.000000e+00,4.902661e-19,4.887497e-21,0.000000e+00,5.000000e-01,1.000000e+00,5782,5782
5.735880e+00,2,2.159325e+00,3.865495e-01,3.865495e-01,1,1.000000e+00,3.189228e-05,3.189228e-04,1.594614e-04,1.581939e-17,4.887497e-21,1.606895e+09,0.000000e+00,0.000000e+00,5782,436
5.735880e+00,3,3.979088e+00,1.044161e+00,1.044161e+00,0,1.000000e+00,0.000000e+00,0.000000e+00,0.000000e+00,4.902661e-19,4.887497e-21,0.000000e+00,5.000000e-01,1.000000e+00,5782,2298
5.836641e+00,1,6.489503e+00,1.257506e+00,1.257506e+00,0,1.000000e+00,0.000000e+00,0.000000e+00,0.000000e+00,4.902661e-19,4.887497e-21,0.000000e+00,5.000000e-01,1.000000e+00,5905,5905
5.836641e+00,2,2.278538e+00,4.996383e-01,4.996383e-01,1,1.000000e+00,2.572366e-05,2.572366e-04,1.286183e-04,1.285442e-17,4.887497e-21,1.286435e+09,0.000000e+00,0.000000e+00,5905,436
5.836641e+00,3,3.793816e+00,1.015525e+00,1.015525e+00,0,1.000000e+00,0.000000e+00,0.000000e+00,0.000000e+00,4.902661e-19,4.887497e-21,0.000000e+00,5.000000e-01,1.000000e+00,5905,2421
5.937403e+00,1,6.212624e+00,1.243034e+00,1.243034e+00,0,1.000000e+00,0.000000e+00,0.000000e+00,0.000000e+00,4.902661e-19,4.887497e-21,0.000000e+00,5.000000e-01,1.000000e+00,6028,6028
5.937403e+00,2,2.427963e+00,6.028273e-01,6.028273e-01,1,1.000000e+00,1.995215e-05,1.995215e-04,9.976075e-05,1.008033e-17,4.887497e-21,9.868117e+08,0.000000e+00,0.000000e+00,6028,436
5.937403e+00,3,3.544737e+00,9.713120e-01,9.713120e-01,0,1.000000e+00,0.000000e+00,0.000000e+00,0.000000e+00,4.902661e-19,4.887497e-21,0.000000e+00,5.000000e-01,1.000000e+00,6028,2544
6.038164e+00,1,6.039820e+00,1.233289e+00,1.233289e+00,0,1.000000e+00,0.000000e+00,0.000000e+00,0.000000e+00,4.902661e-19,4.887497e-21,0.000000e+00,5.000000e-01,1.000000e+00,6151,6151
6.038164e+00,2,2.479781e+00,6.325496e-01,6.325496e-01,1,1.000000e+00,1.833599e-05,1.833599e-04,9.167994e-05,9.303513e-18,4.887497e-21,9.029705e+08,0.000000e+00,0.000000e+00,6151,436
6.038164e+00,3,3.308611e+00,9.216794e-01,9.216794e-01,0,1.000000e+00,0.000000e+00,0.000000e+00,0.000000e+00,4.902661e-19,4.887497e-21,0.000000e+00,5.000000e-01,1.000000e+00,6151,2667
6.138926e+00,1,6.044910e+00,1.233585e+00,1.233585e+00,0,1.000000e+00,0.000000e+00,0.000000e+00,0.000000e+00,4.902661e-19,4.887497e-21,0.000000e+00,5.000000e-01,1.000000e+00,6274,6274
6.138926e+00,2,2.355896e+00,5.568318e-01,5.568318e-01,1,1.000000e+00,2.250779e-05,2.250779e-04,1.125389e-04,1.130870e-17,4.887497e-21,1.119451e+09,0.000000e+00,0.000000e+00,6274,436
6.138926e+00,3,3.091198e+00,8.671550e-01,8.671550e-01,0,1.000000e+00,0.000000e+00,0.000000e+00,0.000000e+00,4.902661e-19,4.887497e-21,0.000000e+00,5.000000e-01,1.000000e+00,6274,2790
6.239688e+00,1,6.065080e+00,1.234751e+00,1.234751e+00,0,1.000000e+00,0.000000e+00,0.000000e+00,0.000000e+00,4.902661e-19,4.887497e-21,0.000000e+00,5.000000e-01,1.000000e+00,6397,6397
6.239688e+00,2,2.265819e+00,4.892552e-01,4.892552e-01,1,1.000000e+00,2.630613e-05,2.630613e-04,1.315307e-04,1.313439e-17,4.887497e-21,1.316687e+09,0.000000e+00,0.000000e+00,6397,436
6.239688e+00,3,2.889091e+00,8.061813e-01,8.061813e-01,0,1.000000e+00,0.000000e+00,0.000000e+00,0.000000e+00,4.902661e-19,4.887497e-21,0.000000e+00,5.000000e-01,1.000000e+00,6397,2913
6.340449e+00,1,6.203741e+00,1.242547e+00,1.242547e+00,0,1.000000e+00,0.000000e+00,0.000000e+00,0.000000e+00,4.902661e-19,4.887497e-21,0.000000e+00,5.000000e-01,1.000000e+00,6520,6520
6.340449e+00,2,2.160046e+00,3.873686e-01,3.873686e-01,1,1.000000e+00,3.184973e-05,3.184973e-04,1.592487e-04,1.579894e-17,4.887497e-21,1.604684e+09,0.000000e+00,0.000000e+00,6520,436
6.340449e+00,3,2.696519e+00,7.351993e-01,7.351993e-01,0,1.000000e+00,0.000000e+00,0.000000e+00,0.000000e+00,4.902661e-19,4.887497e-21,0.000000e+00,5.000000e-01,1.000000e+00,6520,3036
6.441211e+00,1,6.365189e+00,1.251173e+00,1.251173e+00,0,1.000000e+00,0.000000e+00,0.000000e+00,0.000000e+00,4.902661e-19,4.887497e-21,0.000000e+00,5.000000e-01,1.000000e+00,6643,6643
6.441211e+00,2,2.086545e+00,2.890240e-01,2.890240e-01,1,1.000000e+00,3.658027e-05,3.658027e-04,1.829013e-04,1.807268e-17,4.887497e-21,1.850520e+09,0.000000e+00,0.000000e+00,6643,436
6.441211e+00,3,2.524413e+00,6.562867e-01,6.562867e-01,1,1.000000e+00,1.707325e-05,1.707325e-04,8.536625e-05,8.696575e-18,4.887497e-21,8.374911e+08,0.000000e+00,0.000000e+00,6643,3095
6.541972e+00,1,6.583857e+00,1.262146e+00,1.262146e+00,0,1.000000e+00,0.000000e+00,0.000000e+00,0.000000e+00,4.902661e-19,4.887497e-21,0.000000e+00,5.000000e-01,1.000000e+00,6766,6766
6.541972e+00,2,2.067390e+00,2.560277e-01,2.560277e-01,1,1.000000e+00,3.795495e-05,3.795495e-04,1.897747e-04,1.873342e-17,4.887497e-21,1.921969e+09,0.000000e+00,0.000000e+00,6766,436
6.541972e+00,3,2.368557e+00,5.653598e-01,5.653598e-01,1,1.000000e+00,2.203038e-05,2.203038e-04,1.101519e-04,1.107924e-17,4.887497e-21,1.094669e+09,0.000000e+00,0.000000e+00,6766,3095
6.642734e+00,1,6.872356e+00,1.275502e+00,1.275502e+00,0,1.000000e+00,0.000000e+00,0.000000e+00,0.000000e+00,4.902661e-19,4.887497e-21,0.000000e+00,5.000000e-01,1.000000e+00,6889,6889
6.642734e+00,2,2.108802e+00,3.226275e-01,3.226275e-01,1,1.000000e+00,3.506018e-05,3.506018e-04,1.753009e-04,1.734205e-17,4.887497e-21,1.771518e+09,0.000000e+00,0.000000e+00,6889,436
6.642734e+00,3,2.228155e+00,4.564938e-01,4.564938e-01,1,1.000000e+00,2.813040e-05,2.813040e-04,1.406520e-04,1.401123e-17,4.887497e-21,1.411446e+09,0.000000e+00,0.000000e+00,6889,3095
6.743496e+00,1,7.161992e+00,1.287781e+00,1.287781e+00,0,1.000000e+00,0.000000e+00,0.000000e+00,0.000000e+00,4.902661e-19,4.887497e-21,0.000000e+00,5.000000e-01,1.000000e+00,7012,7012
6.743496e+00,2,2.191517e+00,4.211735e-01,4.211735e-01,1,1.000000e+00,3.005925e-05,3.005925e-04,1.502963e-04,1.493834e-17,4.887497e-21,1.511653e+09,0.000000e+00,0.000000e+00,7012,436
6.743496e+00,3,2.121801e+00,3.404770e-01,3.404770e-01,1,1.000000e+00,3.420890e-05,3.420890e-04,1.710445e-04,1.693288e-17,4.887497e-21,1.727278e+09,0.000000e+00,0.000000e+00,7012,3095
6.844257e+00,1,7.228505e+00,1.290456e+00,1.290456e+00,0,1.000000e+00,0.000000e+00,0.000000e+00,0.000000e+00,4.902661e-19,4.887497e-21,0.000000e+00,5.000000e-01,1.000000e+00,7135,7135
6.844257e+00,2,2.305955e+00,5.210045e-01,5.210045e-01,1,1.000000e+00,2.452192e-05,2.452192e-04,1.226096e-04,1.227680e-17,4.887497e-21,1.224027e+09,0.000000e+00,0.000000e+00,7135,436
6.844257e+00,3,2.119581e+00,3.375078e-01,3.375078e-01,1,1.000000e+00,3.435246e-05,3.435246e-04,1.717623e-04,1.700188e-17,4.887497e-21,1.734738e+09,0.000000e+00,0.000000e+00,7135,3095
6.945019e+00,1,7.291375e+00,1.292938e+00,1.292938e+00,0,1.000000e+00,0.000000e+00,0.000000e+00,0.000000e+00,4.902661e-19,4.887497e-21,0.000000e+00,5.000000e-01,1.000000e+00,7258,7258
6.945019e+00,2,2.452187e+00,6.170335e-01,6.170335e-01,1,1.000000e+00,1.917535e-05,1.917535e-04,9.587676e-05,9.706957e-18,4.887497e-21,9.465096e+08,0.000000e+00,0.000000e+00,7258,436
6.945019e+00,3,2.164399e+00,3.922688e-01,3.922688e-01,1,1.000000e+00,3.159428e-05,3.159428e-04,1.579714e-04,1.567615e-17,4.887497e-21,1.591410e+09,0.000000e+00,0.000000e+00,7258,3095
7.045780e+00,1,7.451973e+00,1.299080e+00,1.299080e+00,0,1.000000e+00,0.000000e+00,0.000000e+00,0.000000e+00,4.902661e-19,4.887497e-21,0.000000e+00,5.000000e-01,1.000000e+00,7381,7381
7.045780e+00,2,2.515239e+00,6.515363e-01,6.515363e-01,1,1.000000e+00,1.732370e-05,1.732370e-04,8.661851e-05,8.816955e-18,4.887497e-21,8.504760e+08,0.000000e+00,0.000000e+00,7381,436
7.045780e+00,3,2.164556e+00,3.924439e-01,3.924439e-01,1,1.000000e+00,3.158512e-05,3.158512e-04,1.579256e-04,1.567175e-17,4.887497e-21,1.590934e+09,0.000000e+00,0.000000e+00,7381,3095
7.146542e+00,1,7.720768e+00,1.308767e+00,1.308767e+00,0,1.000000e+00,0.000000e+00,0.000000e+00,0.000000e+00,4.902661e-19,4.887497e-21,0.000000e+00,5.000000e-01,1.000000e+00,7504,7504
7.146542e+00,2,2.478593e+00,6.318955e-01,6.318955e-01,1,1.000000e+00,1.837116e-05,1.837116e-04,9.185581e-05,9.320420e-18,4.887497e-21,9.047948e+08,0.000000e+00,0.000000e+00,7504,436
7.146542e+00,3,2.102256e+00,3.131785e-01,3.131785e-01,1,1.000000e+00,3.549896e-05,3.549896e-04,1.774948e-04,1.755295e-17,4.887497e-21,1.794322e+09,0.000000e+00,0.000000e+00,7504,3095
7.247304e+00,1,7.991956e+00,1.317856e+00,1.317856e+00,0,1.000000e+00,0.000000e+00,0.000000e+00,0.000000e+00,4.902661e-19,4.887497e-21,0.000000e+00,5.000000e-01,1.000000e+00,7627,7627
7.247304e+00,2,2.478543e+00,6.318677e-01,6.318677e-01,1,1.000000e+00,1.837266e-05,1.837266e-04,9.186330e-05,9.321140e-18,4.887497e-21,9.048725e+08,0.000000e+00,0.000000e+00,7627,436
7.247304e+00,3,2.082404e+00,2.822605e-01,2.822605e-01,1,1.000000e+00,3.687206e-05,3.687206e-04,1.843603e-04,1.821293e-17,4.887497e-21,1.865686e+09,0.000000e+00,0.000000e+00,7627,3095
7.348065e+00,1,8.052014e+00,1.319784e+00,1.319784e+00,0,1.000000e+00,0.000000e+00,0.000000e+00,0.000000e+00,4.902661e-19,4.887497e-21,0.000000e+00,5.000000e-01,1.000000e+00,7750,7750
7.348065e+00,2,2.481587e+00,6.335419e-01,6.335419e-01,1,1.000000e+00,1.828266e-05,1.828266e-04,9.141330e-05,9.277881e-18,4.887497e-21,9.002046e+08,0.000000e+00,0.000000e+00,7750,436
7.348065e+00,3,2.158448e+00,3.855499e-01,3.855499e-01,1,1.000000e+00,3.194416e-05,3.194416e-04,1.597208e-04,1.584432e-17,4.887497e-21,1.609590e+09,0.000000e+00,0.000000e+00,7750,3095
7.448827e+00,1,8.116992e+00,1.321836e+00,1.321836e+00,0,1.000000e+00,0.000000e+00,0.000000e+00,0.000000e+00,4.902661e-19,4.887497e-21,0.000000e+00,5.000000e-01,1.000000e+00,7873,7873
7.448827e+00,2,2.520224e+00,6.541254e-01,6.541254e-01,1,1.000000e+00,1.718705e-05,1.718705e-04,8.593525e-05,8.751273e-18,4.887497e-21,8.433910e+08,0.000000e+00,0.000000e+00,7873,436
7.448827e+00,3,2.273822e+00,4.958251e-01,4.958251e-01,1,1.000000e+00,2.593773e-05,2.593773e-04,1.296887e-04,1.295732e-17,4.887497e-21,1.297553e+09,0.000000e+00,0.000000e+00,7873,3095
7.549588e+00,1,8.146637e+00,1.322761e+00,1.322761e+00,0,1.000000e+00,0.000000e+00,0.000000e+00,0.000000e+00,4.902661e-19,4.887497e-21,0.000000e+00,5.000000e-01,1.000000e+00,7996,7996
7.549588e+00,2,2.514556e+00,6.511800e-01,6.511800e-01,1,1.000000e+00,1.734253e-05,1.734253e-04,8.671267e-05,8.826007e-18,4.887497e-21,8.514525e+08,0.000000e+00,0.000000e+00,7996,436
7.549588e+00,3,2.337732e+00,5.442228e-01,5.442228e-01,1,1.000000e+00,2.321552e-05,2.321552e-04,1.160776e-04,1.164888e-17,4.887497e-21,1.156194e+09,0.000000e+00,0.000000e+00,7996,3095
7.650350e+00,1,8.139860e+00,1.322550e+00,1.322550e+00,0,1.000000e+00,0.000000e+00,0.000000e+00,0.000000e+00,4.902661e-19,4.887497e-21,0.000000e+00,5.000000e-01,1.000000e+00,8119,8119
7.650350e+00,2,2.461653e+00,6.224336e-01,6.224336e-01,1,1.000000e+00,1.888209e-05,1.888209e-04,9.441044e-05,9.565998e-18,4.887497e-21,9.312964e+08,0.000000e+00,0.000000e+00,8119,436
7.650350e+00,3,2.351662e+00,5.539327e-01,5.539327e-01,1,1.000000e+00,2.267034e-05,2.267034e-04,1.133517e-04,1.138683e-17,4.887497e-21,1.127890e+09,0.000000e+00,0.000000e+00,8119,3095
7.751112e+00,1,8.144085e+00,1.322681e+00,1.322681e+00,0,1.000000e+00,0.000000e+00,0.000000e+00,0.000000e+00,4.902661e-19,4.887497e-21,0.000000e+00,5.000000e-01,1.000000e+00,8242,8242
7.751112e+00,2,2.446944e+00,6.140066e-01,6.140066e-01,1,1.000000e+00,1.934024e-05,1.934024e-04,9.670118e-05,9.786209e-18,4.887497e-21,9.550635e+08,0.000000e+00,0.000000e+00,8242,436
7.751112e+00,3,2.404614e+00,5.885721e-01,5.885721e-01,1,1.000000e+00,2.073844e-05,2.073844e-04,1.036922e-04,1.045826e-17,4.887497e-21,1.027614e+09,0.000000e+00,0.000000e+00,8242,3095
7.851873e+00,1,8.139841e+00,1.322549e+00,1.322549e+00,0,1.000000e+00,0.000000e+00,0.000000e+00,0.000000e+00,4.902661e-19,4.887497e-21,0.000000e+00,5.000000e-01,1.000000e+00,8365,8365
7.851873e+00,2,2.615703e+00,7.003559e-01,7.003559e-01,0,1.000000e+00,0.000000e+00,0.000000e+00,0.000000e+00,4.902661e-19,4.887497e-21,0.000000e+00,5.000000e-01,1.000000e+00,8365,440
7.851873e+00,3,2.560416e+00,6.743337e-01,6.743337e-01,1,1.000000e+00,1.613302e-05,1.613302e-04,8.066509e-05,8.244650e-18,4.887497e-21,7.887542e+08,0.000000e+00,0.000000e+00,8365,3095
7.952635e+00,1,8.146818e+00,1.322766e+00,1.322766e+00,0,1.000000e+00,0.000000e+00,0.000000e+00,0.000000e+00,4.902661e-19,4.887497e-21,0.000000e+00,5.000000e-01,1.000000e+00,8488,8488
7.952635e+00,2,2.806959e+00,7.777206e-01,7.777206e-01,0,1.000000e+00,0.000000e+00,0.000000e+00,0.000000e+00,4.902661e-19,4.887497e-21,0.000000e+00,5.000000e-01,1.000000e+00,8488,563
7.952635e+00,3,2.740810e+00,7.528969e-01,7.528969e-01,0,1.000000e+00,0.000000e+00,0.000000e+00,0.000000e+00,4.902661e-19,4.887497e-21,0.000000e+00,5.000000e-01,1.000000e+00,8488,3183
8.053396e+00,1,8.055741e+00,1.319902e+00,1.319902e+00,0,1.000000e+00,0.000000e+00,0.000000e+00,0.000000e+00,4.902661e-19,4.887497e-21,0.000000e+00,5.000000e-01,1.000000e+00,8611,8611
8.053396e+00,2,3.004407e+00,8.423798e-01,8.423798e-01,0,1.000000e+00,0.000000e+00,0.000000e+00,0.000000e+00,4.902661e-19,4.887497e-21,0.000000e+00,5.000000e-01,1.000000e+00,8611,686
8.053396e+00,3,2.851970e+00,7.936193e-01,7.936193e-01,0,1.000000e+00,0.000000e+00,0.000000e+00,0.000000e+00,4.902661e-19,4.887497e-21,0.000000e+00,5.000000e-01,1.000000e+00,8611,3306
8.154158e+00,1,7.875921e+00,1.314046e+00,1.314046e+00,0,1.000000e+00,0.000000e+00,0.000000e+00,0.000000e+00,4.902661e-19,4.887497e-21,0.000000e+00,5.000000e-01,1.000000e+00,8734,8734
8.154158e+00,2,3.208177e+00,8.977037e-01,8.977037e-01,0,1.000000e+00,0.000000e+00,0.000000e+00,0.000000e+00,4.902661e-19,4.887497e-21,0.000000e+00,5.000000e-01,1.000000e+00,8734,809
8.154158e+00,3,2.911913e+00,8.136727e-01,8.136727e-01,0,1.000000e+00,0.000000e+00,0.000000e+00,0.000000e+00,4.902661e-19,4.887497e-21,0.000000e+00,5.000000e-01,1.000000e+00,8734,3429
8.254920e+00,1,7.726240e+00,1.308956e+00,1.308956e+00,0,1.000000e+00,0.000000e+00,0.000000e+00,0.000000e+00,4.902661e-19,4.887497e-21,0.000000e+00,5.000000e-01,1.000000e+00,8857,8857
8.254920e+00,2,3.420730e+00,9.463224e-01,9.463224e-01,0,1.000000e+00,0.000000e+00,0.000000e+00,0.000000e+00,4.902661e-19,4.887497e-21,0.000000e+00,5.000000e-01,1.000000e+00,8857,932
8.254920e+00,3,3.006724e+00,8.430671e-01,8.430671e-01,0,1.000000e+00,0.000000e+00,0.000000e+00,0.000000e+00,4.902661e-19,4.887497e-21,0.000000e+00,5.000000e-01,1.000000e+00,8857,3552
8.355681e+00,1,8.018561e+00,1.318714e+00,1.318714e+00,0,1.000000e+00,0.000000e+00,0.000000e+00,0.000000e+00,4.902661e-19,4.887497e-21,0.000000e+00,5.000000e-01,1.000000e+00,8980,8980
8.355681e+00,2,3.538336e+00,9.700753e-01,9.700753e-01,0,1.000000e+00,0.000000e+00,0.000000e+00,0.000000e+00,4.902661e-19,4.887497e-21,0.000000e+00,5.000000e-01,1.000000e+00,8980,1055
8.355681e+00,3,3.228799e+00,9.027857e-01,9.027857e-01,0,1.000000e+00,0.000000e+00,0.000000e+00,0.000000e+00,4.902661e-19,4.887497e-21,0.000000e+00,5.000000e-01,1.000000e+00,8980,3675
8.456443e+00,1,8.311596e+00,1.327784e+00,1.327784e+00,0,1.000000e+00,0.000000e+00,0.000000e+00,0.000000e+00,4.902661e-19,4.887497e-21,0.000000e+00,5.000000e-01,1.000000e+00,9103,9103
8.456443e+00,2,3.677092e+00,9.957090e-01,9.957090e-01,0,1.000000e+00,0.000000e+00,0.000000e+00,0.000000e+00,4.902661e-19,4.887497e-21,0.000000e+00,5.000000e-01,1.000000e+00,9103,1178
8.456443e+00,3,3.463040e+00,9.550999e-01,9.550999e-01,0,1.000000e+00,0.000000e+00,0.000000e+00,0.000000e+00,4.902661e-19,4.887497e-21,0.000000e+00,5.000000e-01,1.000000e+00,9103,3798
8.557204e+00,1,8.437273e+00,1.331475e+00,1.331475e+00,0,1.000000e+00,0.000000e+00,0.000000e+00,0.000000e+00,4.902661e-19,4.887497e-21,0.000000e+00,5.000000e-01,1.000000e+00,9226,9226
8.557204e+00,2,3.708032e+00,1.001108e+00,1.001108e+00,0,1.000000e+00,0.000000e+00,0.000000e+00,0.000000e+00,4.902661e-19,4.887497e-21,0.000000e+00,5.000000e-01,1.000000e+00,9226,1301
8.557204e+00,3,3.690502e+00,9.980625e-01,9.980625e-01,0,1.000000e+00,0.000000e+00,0.000000e+00,0.000000e+00,4.902661e-19,4.887497e-21,0.000000e+00,5.000000e-01,1.000000e+00,9226,3921
8.657966e+00,1,8.443651e+00,1.331659e+00,1.331659e+00,0,1.000000e+00,0.000000e+00,0.000000e+00,0.000000e+00,4.902661e-19,4.887497e-21,0.000000e+00,5.000000e-01,1.000000e+00,9349,9349
8.657966e+00,2,3.665141e+00,9.935940e-01,9.935940e-01,0,1.000000e+00,0.000000e+00,0.000000e+00,0.000000e+00,4.902661e-19,4.887497e-21,0.000000e+00,5.000000e-01,1.000000e+00,9349,1424
8.657966e+00,3,3.916119e+00,1.034786e+00,1.034786e+00,0,1.000000e+00,0.000000e+00,0.000000e+00,0.000000e+00,4.902661e-19,4.887497e-21,0.000000e+00,5.000000e-01,1.000000e+00,9349,4044
8.758728e+00,1,8.447719e+00,1.331777e+00,1.331777e+00,0,1.000000e+00,0.000000e+00,0.000000e+00,0.000000e+00,4.902661e-19,4.887497e-21,0.000000e+00,5.000000e-01,1.000000e+00,9472,9472
8.758728e+00,2,3.632195e+00,9.876761e-01,9.876761e-01,0,1.000000e+00,0.000000e+00,0.000000e+00,0.000000e+00,4.902661e-19,4.887497e-21,0.000000e+00,5.000000e-01,1.000000e+00,9472,1547
8.758728e+00,3,4.153583e+00,1.068417e+00,1.068417e+00,0,1.000000e+00,0.000000e+00,0.000000e+00,0.000000e+00,4.902661e-19,4.887497e-21,0.000000e+00,5.000000e-01,1.000000e+00,9472,4167
8.859489e+00,1,8.323315e+00,1.328133e+00,1.328133e+00,0,1.000000e+00,0.000000e+00,0.000000e+00,0.000000e+00,4.902661e-19,4.887497e-21,0.000000e+00,5.000000e-01,1.000000e+00,9595,9595
8.859489e+00,2,3.465209e+00,9.555425e-01,9.555425e-01,0,1.000000e+00,0.000000e+00,0.000000e+00,0.000000e+00,4.902661e-19,4.887497e-21,0.000000e+00,5.000000e-01,1.000000e+00,9595,1670
8.859489e+00,3,4.419727e+00,1.101211e+00,1.101211e+00,0,1.000000e+00,0.000000e+00,0.000000e+00,0.000000e+00,4.902661e-19,4.887497e-21,0.000000e+00,5.000000e-01,1.000000e+00,9595,4290
8.960251e+00,1,8.208163e+00,1.324659e+00,1.324659e+00,0,1.000000e+00,0.000000e+00,0.000000e+00,0.000000e+00,4.902661e-19,4.887497e-21,0.000000e+00,5.000000e-01,1.000000e+00,9718,9718
8.960251e+00,2,3.317417e+00,9.236920e-01,9.236920e-01,0,1.000000e+00,0.000000e+00,0.000000e+00,0.000000e+00,4.902661e-19,4.887497e-21,0.000000e+00,5.000000e-01,1.000000e+00,9718,1793
8.960251e+00,3,4.690253e+00,1.130269e+00,1.130269e+00,0,1.000000e+00,0.000000e+00,0.000000e+00,0.000000e+00,4.902661e-19,4.887497e-21,0.000000e+00,5.000000e-01,1.000000e+00,9718,4413
9.061012e+00,1,8.339264e+00,1.328606e+00,1.328606e+00,0,1.000000e+00,0.000000e+00,0.000000e+00,0.000000e+00,4.902661e-19,4.887497e-21,0.000000e+00,5.000000e-01,1.000000e+00,9841,9841
9.061012e+00,2,3.123752e+00,8.759652e-01,8.759652e-01,0,1.000000e+00,0.000000e+00,0.000000e+00,0.000000e+00,4.902661e-19,4.887497e-21,0.000000e+00,5.000000e-01,1.000000e+00,9841,1916
9.061012e+00,3,4.632409e+00,1.124374e+00,1.124374e+00,0,1.000000e+00,0.000000e+00,0.000000e+00,0.000000e+00,4.902661e-19,4.887497e-21,0.000000e+00,5.000000e-01,1.000000e+00,9841,4536
9.161774e+00,1,8.627279e+00,1.336845e+00,1.336845e+00,0,1.000000e+00,0.000000e+00,0.000000e+00,0.000000e+00,4.902661e-19,4.887497e-21,0.000000e+00,5.000000e-01,1.000000e+00,9964,9964
9.161774e+00,2,2.900768e+00,8.100358e-01,8.100358e-01,0,1.000000e+00,0.000000e+00,0.000000e+00,0.000000e+00,4.902661e-19,4.887497e-21,0.000000e+00,5.000000e-01,1.000000e+00,9964,2039
9.161774e+00,3,4.361960e+00,1.094479e+00,1.094479e+00,0,1.000000e+00,0.000000e+00,0.000000e+00,0.000000e+00,4.902661e-19,4.887497e-21,0.000000e+00,5.000000e-01,1.000000e+00,9964,4659
9.262536e+00,1,8.888081e+00,1.343832e+00,1.343832e+00,0,1.000000e+00,0.000000e+00,0.000000e+00,0.000000e+00,4.902661e-19,4.887497e-21,0.000000e+00,5.000000e-01,1.000000e+00,10087,10087
9.262536e+00,2,2.727458e+00,7.476575e-01,7.476575e-01,0,1.000000e+00,0.000000e+00,0.000000e+00,0.000000e+00,4.902661e-19,4.887497e-21,0.000000e+00,5.000000e-01,1.000000e+00,10087,2162
9.262536e+00,3,4.108242e+00,1.062344e+00,1.062344e+00,0,1.000000e+00,0.000000e+00,0.000000e+00,0.000000e+00,4.902661e-19,4.887497e-21,0.000000e+00,5.000000e-01,1.000000e+00,10087,4782
9.363297e+00,1,8.956590e+00,1.345598e+00,1.345598e+00,0,1.000000e+00,0.000000e+00,0.000000e+00,0.000000e+00,4.902661e-19,4.887497e-21,0.000000e+00,5.000000e-01,1.000000e+00,10210,10210
9.363297e+00,2,2.819518e+00,7.822335e-01,7.822335e-01,0,1.000000e+00,0.000000e+00,0.000000e+00,0.000000e+00,4.902661e-19,4.887497e-21,0.000000e+00,5.000000e-01,1.000000e+00,10210,2285
9.363297e+00,3,3.952239e+00,1.040206e+00,1.040206e+00,0,1.000000e+00,0.000000e+00,0.000000e+00,0.000000e+00,4.902661e-19,4.887497e-21,0.000000e+00,5.000000e-01,1.000000e+00,10210,4905
9.464059e+00,1,9.034698e+00,1.347578e+00,1.347578e+00,0,1.000000e+00,0.000000e+00,0.000000e+00,0.000000e+00,4.902661e-19,4.887497e-21,0.000000e+00,5.000000e-01,1.000000e+00,10333,10333
9.464059e+00,2,2.939914e+00,8.226353e-01,8.226353e-01,0,1.000000e+00,0.000000e+00,0.000000e+00,0.000000e+00,4.902661e-19,4.887497e-21,0.000000e+00,5.000000e-01,1.000000e+00,10333,2408
9.464059e+00,3,3.813854e+00,1.018781e+00,1.018781e+00,0,1.000000e+00,0.000000e+00,0.000000e+00,0.000000e+00,4.902661e-19,4.887497e-21,0.000000e+00,5.000000e-01,1.000000e+00,10333,5028
